data_hora,vela_azul,vela_roxa,vela_rosa,p_vela_azul,p_vela_roxa,p_vela_rosa
2025-12-05 01:26:31,95.00,86.00,19.00,47.50,43.00,9.50
2025-12-05 01:27:20,95.00,86.00,19.00,47.50,43.00,9.50
2025-12-05 01:27:54,95.00,86.00,19.00,47.50,43.00,9.50
2025-12-05 01:28:43,94.00,87.00,19.00,47.00,43.50,9.50
2025-12-05 01:29:32,94.00,87.00,19.00,47.00,43.50,9.50
2025-12-05 01:30:23,95.00,85.00,20.00,47.50,42.50,10.00
2025-12-05 01:31:14,94.00,86.00,20.00,47.00,43.00,10.00
2025-12-05 01:32:07,94.00,86.00,20.00,47.00,43.00,10.00
2025-12-05 01:32:56,93.00,87.00,20.00,46.50,43.50,10.00
2025-12-05 01:33:45,94.00,87.00,19.00,47.00,43.50,9.50
2025-12-05 01:34:36,94.00,87.00,19.00,47.00,43.50,9.50
2025-12-05 01:35:24,94.00,87.00,19.00,47.00,43.50,9.50
2025-12-05 01:36:17,97.00,83.00,20.00,48.50,41.50,10.00
2025-12-05 01:37:06,97.00,84.00,19.00,48.50,42.00,9.50
2025-12-05 01:37:55,95.00,86.00,19.00,47.50,43.00,9.50
2025-12-05 01:38:43,95.00,86.00,19.00,47.50,43.00,9.50
2025-12-05 01:39:32,95.00,86.00,19.00,47.50,43.00,9.50
2025-12-05 01:40:21,95.00,87.00,18.00,47.50,43.50,9.00
2025-12-05 01:41:10,96.00,87.00,17.00,48.00,43.50,8.50
2025-12-05 01:41:59,97.00,86.00,17.00,48.50,43.00,8.50
2025-12-05 01:42:48,99.00,86.00,15.00,49.50,43.00,7.50
2025-12-05 01:43:37,99.00,85.00,16.00,49.50,42.50,8.00
2025-12-05 01:44:26,99.00,85.00,16.00,49.50,42.50,8.00
2025-12-05 01:45:17,98.00,86.00,16.00,49.00,43.00,8.00
2025-12-05 01:46:05,99.00,85.00,16.00,49.50,42.50,8.00
2025-12-05 01:46:55,99.00,85.00,16.00,49.50,42.50,8.00
2025-12-05 01:47:43,98.00,86.00,16.00,49.00,43.00,8.00
2025-12-05 01:48:31,97.00,87.00,16.00,48.50,43.50,8.00
2025-12-05 01:49:20,97.00,89.00,14.00,48.50,44.50,7.00
2025-12-05 01:50:10,99.00,87.00,14.00,49.50,43.50,7.00
2025-12-05 01:51:00,99.00,87.00,14.00,49.50,43.50,7.00
2025-12-05 01:51:49,99.00,87.00,14.00,49.50,43.50,7.00
2025-12-05 01:52:38,100.00,86.00,14.00,50.00,43.00,7.00
2025-12-05 01:53:27,99.00,87.00,14.00,49.50,43.50,7.00
2025-12-05 01:54:16,99.00,87.00,14.00,49.50,43.50,7.00
2025-12-05 01:55:05,100.00,86.00,14.00,50.00,43.00,7.00
2025-12-05 01:55:55,99.00,87.00,14.00,49.50,43.50,7.00
2025-12-05 01:56:44,99.00,87.00,14.00,49.50,43.50,7.00
2025-12-05 01:57:32,98.00,88.00,14.00,49.00,44.00,7.00
2025-12-05 01:58:21,99.00,87.00,14.00,49.50,43.50,7.00
2025-12-05 01:59:11,97.00,89.00,14.00,48.50,44.50,7.00
2025-12-05 02:00:00,95.00,91.00,14.00,47.50,45.50,7.00
2025-12-05 02:00:49,94.00,92.00,14.00,47.00,46.00,7.00
2025-12-05 02:01:38,95.00,92.00,13.00,47.50,46.00,6.50
2025-12-05 02:02:27,95.00,92.00,13.00,47.50,46.00,6.50
2025-12-05 02:03:16,95.00,93.00,12.00,47.50,46.50,6.00
2025-12-05 02:04:06,95.00,92.00,13.00,47.50,46.00,6.50
2025-12-05 02:04:55,94.00,93.00,13.00,47.00,46.50,6.50
2025-12-05 02:05:44,94.00,93.00,13.00,47.00,46.50,6.50
2025-12-05 02:06:34,93.00,94.00,13.00,46.50,47.00,6.50
2025-12-05 02:07:24,93.00,94.00,13.00,46.50,47.00,6.50
2025-12-05 02:08:14,92.00,95.00,13.00,46.00,47.50,6.50
2025-12-05 02:09:04,91.00,96.00,13.00,45.50,48.00,6.50
2025-12-05 02:09:53,91.00,96.00,13.00,45.50,48.00,6.50
2025-12-05 02:10:42,94.00,93.00,13.00,47.00,46.50,6.50
2025-12-05 02:11:31,94.00,93.00,13.00,47.00,46.50,6.50
2025-12-05 02:12:19,93.00,94.00,13.00,46.50,47.00,6.50
2025-12-05 02:13:07,95.00,92.00,13.00,47.50,46.00,6.50
2025-12-05 02:13:57,93.00,94.00,13.00,46.50,47.00,6.50
2025-12-05 02:14:45,96.00,92.00,12.00,48.00,46.00,6.00
2025-12-05 02:15:34,95.00,94.00,11.00,47.50,47.00,5.50
2025-12-05 02:16:23,94.00,95.00,11.00,47.00,47.50,5.50
2025-12-05 02:17:13,93.00,96.00,11.00,46.50,48.00,5.50
2025-12-05 02:18:02,92.00,97.00,11.00,46.00,48.50,5.50
2025-12-05 02:18:53,93.00,96.00,11.00,46.50,48.00,5.50
2025-12-05 02:19:43,94.00,95.00,11.00,47.00,47.50,5.50
2025-12-05 02:20:35,95.00,94.00,11.00,47.50,47.00,5.50
2025-12-05 02:21:28,95.00,94.00,11.00,47.50,47.00,5.50
2025-12-05 02:22:16,95.00,94.00,11.00,47.50,47.00,5.50
2025-12-05 02:23:05,96.00,93.00,11.00,48.00,46.50,5.50
2025-12-05 02:23:59,96.00,93.00,11.00,48.00,46.50,5.50
2025-12-05 02:24:52,96.00,93.00,11.00,48.00,46.50,5.50
2025-12-05 02:25:43,97.00,92.00,11.00,48.50,46.00,5.50
2025-12-05 02:26:33,98.00,92.00,10.00,49.00,46.00,5.00
2025-12-05 02:27:24,97.00,92.00,11.00,48.50,46.00,5.50
2025-12-05 02:28:15,97.00,92.00,11.00,48.50,46.00,5.50
2025-12-05 02:29:09,97.00,93.00,10.00,48.50,46.50,5.00
2025-12-05 02:30:00,97.00,93.00,10.00,48.50,46.50,5.00
2025-12-05 02:30:51,96.00,94.00,10.00,48.00,47.00,5.00
2025-12-05 02:31:43,95.00,95.00,10.00,47.50,47.50,5.00
2025-12-05 02:32:34,95.00,95.00,10.00,47.50,47.50,5.00
2025-12-05 02:33:25,97.00,94.00,9.00,48.50,47.00,4.50
2025-12-05 02:34:19,97.00,95.00,8.00,48.50,47.50,4.00
2025-12-05 02:35:15,97.00,94.00,9.00,48.50,47.00,4.50
2025-12-05 02:36:07,97.00,94.00,9.00,48.50,47.00,4.50
2025-12-05 02:36:58,95.00,95.00,10.00,47.50,47.50,5.00
2025-12-05 02:37:50,95.00,95.00,10.00,47.50,47.50,5.00
2025-12-05 02:38:39,94.00,97.00,9.00,47.00,48.50,4.50
2025-12-05 02:39:28,94.00,98.00,8.00,47.00,49.00,4.00
2025-12-05 02:40:19,95.00,97.00,8.00,47.50,48.50,4.00
2025-12-05 02:41:08,97.00,94.00,9.00,48.50,47.00,4.50
2025-12-05 02:41:57,97.00,94.00,9.00,48.50,47.00,4.50
2025-12-05 02:42:46,98.00,94.00,8.00,49.00,47.00,4.00
2025-12-05 02:43:35,99.00,93.00,8.00,49.50,46.50,4.00
2025-12-05 02:44:26,99.00,93.00,8.00,49.50,46.50,4.00
2025-12-05 02:45:16,97.00,95.00,8.00,48.50,47.50,4.00
2025-12-05 02:46:05,97.00,95.00,8.00,48.50,47.50,4.00
2025-12-05 02:46:54,97.00,95.00,8.00,48.50,47.50,4.00
2025-12-05 02:47:43,96.00,95.00,9.00,48.00,47.50,4.50
2025-12-05 02:48:33,96.00,95.00,9.00,48.00,47.50,4.50
2025-12-05 02:49:22,95.00,97.00,8.00,47.50,48.50,4.00
2025-12-05 02:50:12,93.00,98.00,9.00,46.50,49.00,4.50
2025-12-05 02:51:01,92.00,99.00,9.00,46.00,49.50,4.50
2025-12-05 02:51:50,92.00,99.00,9.00,46.00,49.50,4.50
2025-12-05 02:52:40,92.00,98.00,10.00,46.00,49.00,5.00
2025-12-05 02:53:30,91.00,98.00,11.00,45.50,49.00,5.50
2025-12-05 02:54:20,91.00,98.00,11.00,45.50,49.00,5.50
2025-12-05 02:55:10,92.00,98.00,10.00,46.00,49.00,5.00
2025-12-05 02:55:59,91.00,99.00,10.00,45.50,49.50,5.00
2025-12-05 02:56:49,91.00,99.00,10.00,45.50,49.50,5.00
2025-12-05 02:57:38,91.00,99.00,10.00,45.50,49.50,5.00
2025-12-05 02:58:27,90.00,99.00,11.00,45.00,49.50,5.50
2025-12-05 02:59:17,89.00,100.00,11.00,44.50,50.00,5.50
2025-12-05 03:00:07,90.00,99.00,11.00,45.00,49.50,5.50
2025-12-05 03:00:58,90.00,100.00,10.00,45.00,50.00,5.00
2025-12-05 03:01:46,91.00,99.00,10.00,45.50,49.50,5.00
2025-12-05 03:02:36,91.00,98.00,11.00,45.50,49.00,5.50
2025-12-05 03:03:25,90.00,99.00,11.00,45.00,49.50,5.50
2025-12-05 03:04:14,88.00,101.00,11.00,44.00,50.50,5.50
2025-12-05 03:05:03,87.00,101.00,12.00,43.50,50.50,6.00
2025-12-05 03:05:51,88.00,100.00,12.00,44.00,50.00,6.00
2025-12-05 03:06:41,90.00,98.00,12.00,45.00,49.00,6.00
2025-12-05 03:07:30,89.00,99.00,12.00,44.50,49.50,6.00
2025-12-05 03:08:19,89.00,98.00,13.00,44.50,49.00,6.50
2025-12-05 03:09:08,91.00,96.00,13.00,45.50,48.00,6.50
2025-12-05 03:09:58,91.00,96.00,13.00,45.50,48.00,6.50
2025-12-05 03:10:47,93.00,94.00,13.00,46.50,47.00,6.50
2025-12-05 03:11:37,92.00,95.00,13.00,46.00,47.50,6.50
2025-12-05 03:12:25,92.00,95.00,13.00,46.00,47.50,6.50
2025-12-05 03:13:15,91.00,96.00,13.00,45.50,48.00,6.50
2025-12-05 03:14:05,92.00,95.00,13.00,46.00,47.50,6.50
2025-12-05 03:14:54,92.00,95.00,13.00,46.00,47.50,6.50
2025-12-05 03:15:43,94.00,92.00,14.00,47.00,46.00,7.00
2025-12-05 03:16:32,96.00,90.00,14.00,48.00,45.00,7.00
2025-12-05 03:17:21,97.00,89.00,14.00,48.50,44.50,7.00
2025-12-05 03:18:09,96.00,90.00,14.00,48.00,45.00,7.00
2025-12-05 03:18:59,97.00,89.00,14.00,48.50,44.50,7.00
2025-12-05 03:19:49,96.00,90.00,14.00,48.00,45.00,7.00
2025-12-05 03:20:38,98.00,89.00,13.00,49.00,44.50,6.50
2025-12-05 03:21:27,96.00,91.00,13.00,48.00,45.50,6.50
2025-12-05 03:22:17,97.00,90.00,13.00,48.50,45.00,6.50
2025-12-05 03:23:07,99.00,88.00,13.00,49.50,44.00,6.50
2025-12-05 03:23:57,100.00,87.00,13.00,50.00,43.50,6.50
2025-12-05 03:24:46,101.00,85.00,14.00,50.50,42.50,7.00
2025-12-05 03:25:34,103.00,83.00,14.00,51.50,41.50,7.00
2025-12-05 03:26:23,103.00,83.00,14.00,51.50,41.50,7.00
2025-12-05 03:27:13,102.00,84.00,14.00,51.00,42.00,7.00
2025-12-05 03:28:02,102.00,83.00,15.00,51.00,41.50,7.50
2025-12-05 03:28:51,102.00,83.00,15.00,51.00,41.50,7.50
2025-12-05 03:29:40,102.00,83.00,15.00,51.00,41.50,7.50
2025-12-05 03:30:29,102.00,83.00,15.00,51.00,41.50,7.50
2025-12-05 03:31:18,102.00,82.00,16.00,51.00,41.00,8.00
2025-12-05 03:32:11,101.00,83.00,16.00,50.50,41.50,8.00
2025-12-05 03:33:00,103.00,81.00,16.00,51.50,40.50,8.00
2025-12-05 03:33:49,103.00,80.00,17.00,51.50,40.00,8.50
2025-12-05 03:34:37,103.00,80.00,17.00,51.50,40.00,8.50
2025-12-05 03:35:26,103.00,80.00,17.00,51.50,40.00,8.50
2025-12-05 03:36:16,102.00,81.00,17.00,51.00,40.50,8.50
2025-12-05 03:37:05,102.00,81.00,17.00,51.00,40.50,8.50
2025-12-05 03:37:54,102.00,81.00,17.00,51.00,40.50,8.50
2025-12-05 03:38:45,102.00,81.00,17.00,51.00,40.50,8.50
2025-12-05 03:39:35,103.00,80.00,17.00,51.50,40.00,8.50
2025-12-05 03:40:24,101.00,82.00,17.00,50.50,41.00,8.50
2025-12-05 03:41:14,104.00,79.00,17.00,52.00,39.50,8.50
2025-12-05 03:42:04,103.00,80.00,17.00,51.50,40.00,8.50
2025-12-05 03:42:54,102.00,80.00,18.00,51.00,40.00,9.00
2025-12-05 03:43:43,101.00,81.00,18.00,50.50,40.50,9.00
2025-12-05 03:44:32,102.00,80.00,18.00,51.00,40.00,9.00
2025-12-05 03:45:22,102.00,79.00,19.00,51.00,39.50,9.50
2025-12-05 03:46:13,101.00,80.00,19.00,50.50,40.00,9.50
2025-12-05 03:47:01,101.00,79.00,20.00,50.50,39.50,10.00
2025-12-05 03:47:50,101.00,79.00,20.00,50.50,39.50,10.00
2025-12-05 03:48:39,103.00,77.00,20.00,51.50,38.50,10.00
2025-12-05 03:49:27,104.00,76.00,20.00,52.00,38.00,10.00
2025-12-05 03:50:16,103.00,77.00,20.00,51.50,38.50,10.00
2025-12-05 03:51:05,102.00,77.00,21.00,51.00,38.50,10.50
2025-12-05 03:51:54,105.00,75.00,20.00,52.50,37.50,10.00
2025-12-05 03:52:46,106.00,75.00,19.00,53.00,37.50,9.50
2025-12-05 03:53:35,106.00,75.00,19.00,53.00,37.50,9.50
2025-12-05 03:54:24,107.00,74.00,19.00,53.50,37.00,9.50
2025-12-05 03:55:13,107.00,74.00,19.00,53.50,37.00,9.50
2025-12-05 03:56:03,106.00,76.00,18.00,53.00,38.00,9.00
2025-12-05 03:56:53,104.00,78.00,18.00,52.00,39.00,9.00
2025-12-05 03:57:42,104.00,78.00,18.00,52.00,39.00,9.00
2025-12-05 03:58:34,105.00,77.00,18.00,52.50,38.50,9.00
2025-12-05 03:59:25,104.00,77.00,19.00,52.00,38.50,9.50
2025-12-05 04:00:14,105.00,75.00,20.00,52.50,37.50,10.00
2025-12-05 04:01:03,105.00,75.00,20.00,52.50,37.50,10.00
2025-12-05 04:01:51,105.00,74.00,21.00,52.50,37.00,10.50
2025-12-05 04:02:40,106.00,74.00,20.00,53.00,37.00,10.00
2025-12-05 04:03:29,106.00,74.00,20.00,53.00,37.00,10.00
2025-12-05 04:04:19,106.00,73.00,21.00,53.00,36.50,10.50
2025-12-05 04:05:09,107.00,72.00,21.00,53.50,36.00,10.50
2025-12-05 04:05:59,108.00,72.00,20.00,54.00,36.00,10.00
2025-12-05 04:06:51,110.00,72.00,18.00,55.00,36.00,9.00
2025-12-05 04:07:41,110.00,72.00,18.00,55.00,36.00,9.00
2025-12-05 04:08:31,110.00,71.00,19.00,55.00,35.50,9.50
2025-12-05 04:09:21,109.00,72.00,19.00,54.50,36.00,9.50
2025-12-05 04:10:11,108.00,73.00,19.00,54.00,36.50,9.50
2025-12-05 04:11:00,108.00,71.00,21.00,54.00,35.50,10.50
2025-12-05 04:11:49,108.00,71.00,21.00,54.00,35.50,10.50
2025-12-05 04:12:38,108.00,71.00,21.00,54.00,35.50,10.50
2025-12-05 04:13:27,109.00,70.00,21.00,54.50,35.00,10.50
2025-12-05 04:14:18,108.00,71.00,21.00,54.00,35.50,10.50
2025-12-05 04:15:07,108.00,70.00,22.00,54.00,35.00,11.00
2025-12-05 04:15:56,109.00,69.00,22.00,54.50,34.50,11.00
2025-12-05 04:16:45,107.00,70.00,23.00,53.50,35.00,11.50
2025-12-05 04:17:34,106.00,72.00,22.00,53.00,36.00,11.00
2025-12-05 04:18:23,105.00,73.00,22.00,52.50,36.50,11.00
2025-12-05 04:19:10,105.00,73.00,22.00,52.50,36.50,11.00
2025-12-05 04:20:00,106.00,73.00,21.00,53.00,36.50,10.50
2025-12-05 04:20:48,106.00,72.00,22.00,53.00,36.00,11.00
2025-12-05 04:21:37,106.00,72.00,22.00,53.00,36.00,11.00
2025-12-05 04:22:29,105.00,72.00,23.00,52.50,36.00,11.50
2025-12-05 04:23:19,105.00,72.00,23.00,52.50,36.00,11.50
2025-12-05 04:24:08,104.00,73.00,23.00,52.00,36.50,11.50
2025-12-05 04:24:58,104.00,73.00,23.00,52.00,36.50,11.50
2025-12-05 04:25:48,103.00,74.00,23.00,51.50,37.00,11.50
2025-12-05 04:26:38,103.00,74.00,23.00,51.50,37.00,11.50
2025-12-05 04:27:27,103.00,74.00,23.00,51.50,37.00,11.50
2025-12-05 04:28:17,103.00,74.00,23.00,51.50,37.00,11.50
2025-12-05 04:29:06,104.00,73.00,23.00,52.00,36.50,11.50
2025-12-05 04:29:56,104.00,73.00,23.00,52.00,36.50,11.50
2025-12-05 04:30:46,103.00,75.00,22.00,51.50,37.50,11.00
2025-12-05 04:31:34,103.00,75.00,22.00,51.50,37.50,11.00
2025-12-05 04:32:24,103.00,75.00,22.00,51.50,37.50,11.00
2025-12-05 04:33:14,103.00,75.00,22.00,51.50,37.50,11.00
2025-12-05 04:34:03,105.00,73.00,22.00,52.50,36.50,11.00
2025-12-05 04:34:52,105.00,73.00,22.00,52.50,36.50,11.00
2025-12-05 04:35:42,107.00,71.00,22.00,53.50,35.50,11.00
2025-12-05 04:36:32,106.00,72.00,22.00,53.00,36.00,11.00
2025-12-05 04:37:20,104.00,73.00,23.00,52.00,36.50,11.50
2025-12-05 04:38:09,103.00,74.00,23.00,51.50,37.00,11.50
2025-12-05 04:38:59,103.00,75.00,22.00,51.50,37.50,11.00
2025-12-05 04:39:48,102.00,76.00,22.00,51.00,38.00,11.00
2025-12-05 04:40:37,101.00,77.00,22.00,50.50,38.50,11.00
2025-12-05 04:41:25,100.00,77.00,23.00,50.00,38.50,11.50
2025-12-05 04:42:14,100.00,77.00,23.00,50.00,38.50,11.50
2025-12-05 04:43:04,101.00,76.00,23.00,50.50,38.00,11.50
2025-12-05 04:43:52,101.00,76.00,23.00,50.50,38.00,11.50
2025-12-05 04:44:41,100.00,76.00,24.00,50.00,38.00,12.00
2025-12-05 04:45:31,100.00,76.00,24.00,50.00,38.00,12.00
2025-12-05 04:46:24,99.00,76.00,25.00,49.50,38.00,12.50
2025-12-05 04:47:12,100.00,76.00,24.00,50.00,38.00,12.00
2025-12-05 04:48:01,99.00,76.00,25.00,49.50,38.00,12.50
2025-12-05 04:48:49,97.00,77.00,26.00,48.50,38.50,13.00
2025-12-05 04:49:39,98.00,76.00,26.00,49.00,38.00,13.00
2025-12-05 04:50:28,100.00,75.00,25.00,50.00,37.50,12.50
2025-12-05 04:51:17,101.00,74.00,25.00,50.50,37.00,12.50
2025-12-05 04:52:05,102.00,73.00,25.00,51.00,36.50,12.50
2025-12-05 04:52:53,101.00,74.00,25.00,50.50,37.00,12.50
2025-12-05 04:53:43,100.00,75.00,25.00,50.00,37.50,12.50
2025-12-05 04:54:33,98.00,77.00,25.00,49.00,38.50,12.50
2025-12-05 04:55:26,100.00,75.00,25.00,50.00,37.50,12.50
2025-12-05 04:56:15,100.00,75.00,25.00,50.00,37.50,12.50
2025-12-05 04:57:06,99.00,75.00,26.00,49.50,37.50,13.00
2025-12-05 04:57:56,99.00,76.00,25.00,49.50,38.00,12.50
2025-12-05 04:58:45,100.00,76.00,24.00,50.00,38.00,12.00
2025-12-05 04:59:34,98.00,78.00,24.00,49.00,39.00,12.00
2025-12-05 05:00:24,98.00,79.00,23.00,49.00,39.50,11.50
2025-12-05 05:01:12,98.00,78.00,24.00,49.00,39.00,12.00
2025-12-05 05:02:02,98.00,79.00,23.00,49.00,39.50,11.50
2025-12-05 05:02:51,97.00,80.00,23.00,48.50,40.00,11.50
2025-12-05 05:03:40,96.00,81.00,23.00,48.00,40.50,11.50
2025-12-05 05:04:30,96.00,81.00,23.00,48.00,40.50,11.50
2025-12-05 05:05:19,95.00,82.00,23.00,47.50,41.00,11.50
2025-12-05 05:06:07,96.00,82.00,22.00,48.00,41.00,11.00
2025-12-05 05:06:56,95.00,83.00,22.00,47.50,41.50,11.00
2025-12-05 05:07:46,95.00,83.00,22.00,47.50,41.50,11.00
2025-12-05 05:08:35,94.00,83.00,23.00,47.00,41.50,11.50
2025-12-05 05:09:25,94.00,83.00,23.00,47.00,41.50,11.50
2025-12-05 05:10:15,93.00,84.00,23.00,46.50,42.00,11.50
2025-12-05 05:11:03,94.00,83.00,23.00,47.00,41.50,11.50
2025-12-05 05:11:53,95.00,82.00,23.00,47.50,41.00,11.50
2025-12-05 05:12:42,95.00,82.00,23.00,47.50,41.00,11.50
2025-12-05 05:13:31,95.00,80.00,25.00,47.50,40.00,12.50
2025-12-05 05:14:20,96.00,79.00,25.00,48.00,39.50,12.50
2025-12-05 05:15:10,95.00,80.00,25.00,47.50,40.00,12.50
2025-12-05 05:15:59,94.00,82.00,24.00,47.00,41.00,12.00
2025-12-05 05:16:52,96.00,81.00,23.00,48.00,40.50,11.50
2025-12-05 05:17:42,96.00,82.00,22.00,48.00,41.00,11.00
2025-12-05 05:18:30,96.00,82.00,22.00,48.00,41.00,11.00
2025-12-05 05:19:19,99.00,80.00,21.00,49.50,40.00,10.50
2025-12-05 05:20:10,98.00,81.00,21.00,49.00,40.50,10.50
2025-12-05 05:21:00,98.00,81.00,21.00,49.00,40.50,10.50
2025-12-05 05:21:52,97.00,82.00,21.00,48.50,41.00,10.50
2025-12-05 05:22:41,96.00,83.00,21.00,48.00,41.50,10.50
2025-12-05 05:23:30,95.00,83.00,22.00,47.50,41.50,11.00
2025-12-05 05:24:20,97.00,82.00,21.00,48.50,41.00,10.50
2025-12-05 05:25:10,98.00,81.00,21.00,49.00,40.50,10.50
2025-12-05 05:26:01,99.00,81.00,20.00,49.50,40.50,10.00
2025-12-05 05:26:51,101.00,80.00,19.00,50.50,40.00,9.50
2025-12-05 05:27:42,100.00,81.00,19.00,50.00,40.50,9.50
2025-12-05 05:28:31,100.00,82.00,18.00,50.00,41.00,9.00
2025-12-05 05:29:21,101.00,82.00,17.00,50.50,41.00,8.50
2025-12-05 05:30:10,101.00,82.00,17.00,50.50,41.00,8.50
2025-12-05 05:30:59,101.00,82.00,17.00,50.50,41.00,8.50
2025-12-05 05:31:48,101.00,82.00,17.00,50.50,41.00,8.50
2025-12-05 05:32:36,101.00,82.00,17.00,50.50,41.00,8.50
2025-12-05 05:33:26,100.00,83.00,17.00,50.00,41.50,8.50
2025-12-05 05:34:21,99.00,85.00,16.00,49.50,42.50,8.00
2025-12-05 05:35:10,99.00,85.00,16.00,49.50,42.50,8.00
2025-12-05 05:35:59,100.00,85.00,15.00,50.00,42.50,7.50
2025-12-05 05:36:48,101.00,85.00,14.00,50.50,42.50,7.00
2025-12-05 05:37:37,100.00,86.00,14.00,50.00,43.00,7.00
2025-12-05 05:38:25,101.00,85.00,14.00,50.50,42.50,7.00
2025-12-05 05:39:15,101.00,85.00,14.00,50.50,42.50,7.00
2025-12-05 05:40:03,102.00,83.00,15.00,51.00,41.50,7.50
2025-12-05 05:40:53,100.00,85.00,15.00,50.00,42.50,7.50
2025-12-05 05:41:42,101.00,84.00,15.00,50.50,42.00,7.50
2025-12-05 05:42:32,101.00,84.00,15.00,50.50,42.00,7.50
2025-12-05 05:43:21,103.00,82.00,15.00,51.50,41.00,7.50
2025-12-05 05:44:11,103.00,82.00,15.00,51.50,41.00,7.50
2025-12-05 05:45:01,103.00,82.00,15.00,51.50,41.00,7.50
2025-12-05 05:45:50,104.00,81.00,15.00,52.00,40.50,7.50
2025-12-05 05:46:39,105.00,80.00,15.00,52.50,40.00,7.50
2025-12-05 05:47:28,105.00,80.00,15.00,52.50,40.00,7.50
2025-12-05 05:48:19,108.00,77.00,15.00,54.00,38.50,7.50
2025-12-05 05:49:08,109.00,77.00,14.00,54.50,38.50,7.00
2025-12-05 05:49:58,108.00,78.00,14.00,54.00,39.00,7.00
2025-12-05 05:50:47,109.00,77.00,14.00,54.50,38.50,7.00
2025-12-05 05:51:35,109.00,77.00,14.00,54.50,38.50,7.00
2025-12-05 05:52:23,109.00,78.00,13.00,54.50,39.00,6.50
2025-12-05 05:53:13,107.00,80.00,13.00,53.50,40.00,6.50
2025-12-05 05:54:02,108.00,80.00,12.00,54.00,40.00,6.00
2025-12-05 05:54:51,108.00,80.00,12.00,54.00,40.00,6.00
2025-12-05 05:55:41,108.00,80.00,12.00,54.00,40.00,6.00
2025-12-05 05:56:30,108.00,80.00,12.00,54.00,40.00,6.00
2025-12-05 05:57:20,108.00,80.00,12.00,54.00,40.00,6.00
2025-12-05 05:58:10,108.00,80.00,12.00,54.00,40.00,6.00
2025-12-05 05:59:00,108.00,80.00,12.00,54.00,40.00,6.00
2025-12-05 05:59:48,108.00,80.00,12.00,54.00,40.00,6.00
2025-12-05 06:00:37,108.00,80.00,12.00,54.00,40.00,6.00
2025-12-05 06:01:29,108.00,80.00,12.00,54.00,40.00,6.00
2025-12-05 06:02:18,108.00,80.00,12.00,54.00,40.00,6.00
2025-12-05 06:03:07,108.00,80.00,12.00,54.00,40.00,6.00
2025-12-05 06:03:56,108.00,80.00,12.00,54.00,40.00,6.00
2025-12-05 06:04:44,108.00,80.00,12.00,54.00,40.00,6.00
2025-12-05 06:05:33,108.00,80.00,12.00,54.00,40.00,6.00
2025-12-05 06:06:22,108.00,80.00,12.00,54.00,40.00,6.00
2025-12-05 06:07:12,108.00,80.00,12.00,54.00,40.00,6.00
2025-12-05 06:08:02,108.00,80.00,12.00,54.00,40.00,6.00
2025-12-05 06:08:53,108.00,80.00,12.00,54.00,40.00,6.00
2025-12-05 06:09:49,108.00,80.00,12.00,54.00,40.00,6.00
2025-12-05 06:10:38,108.00,80.00,12.00,54.00,40.00,6.00
2025-12-05 06:11:27,108.00,80.00,12.00,54.00,40.00,6.00
2025-12-05 06:12:16,108.00,80.00,12.00,54.00,40.00,6.00
2025-12-05 06:13:06,108.00,80.00,12.00,54.00,40.00,6.00
2025-12-05 06:13:54,108.00,80.00,12.00,54.00,40.00,6.00
2025-12-05 06:14:43,108.00,80.00,12.00,54.00,40.00,6.00
2025-12-05 06:15:34,108.00,80.00,12.00,54.00,40.00,6.00
2025-12-05 06:16:24,108.00,80.00,12.00,54.00,40.00,6.00
2025-12-05 06:17:14,108.00,80.00,12.00,54.00,40.00,6.00
2025-12-05 06:18:04,108.00,80.00,12.00,54.00,40.00,6.00
2025-12-05 06:18:53,108.00,80.00,12.00,54.00,40.00,6.00
2025-12-05 06:19:44,108.00,80.00,12.00,54.00,40.00,6.00
2025-12-05 06:20:33,108.00,80.00,12.00,54.00,40.00,6.00
2025-12-05 06:21:23,108.00,80.00,12.00,54.00,40.00,6.00
2025-12-05 06:22:13,108.00,80.00,12.00,54.00,40.00,6.00
2025-12-05 06:23:01,108.00,80.00,12.00,54.00,40.00,6.00
2025-12-05 06:23:49,108.00,80.00,12.00,54.00,40.00,6.00
2025-12-05 06:24:38,108.00,80.00,12.00,54.00,40.00,6.00
2025-12-05 06:25:33,108.00,80.00,12.00,54.00,40.00,6.00
2025-12-05 06:26:21,108.00,80.00,12.00,54.00,40.00,6.00
2025-12-05 06:27:10,108.00,80.00,12.00,54.00,40.00,6.00
2025-12-05 06:28:01,108.00,80.00,12.00,54.00,40.00,6.00
2025-12-05 06:28:51,108.00,80.00,12.00,54.00,40.00,6.00
2025-12-05 06:29:40,108.00,80.00,12.00,54.00,40.00,6.00
2025-12-05 06:30:28,108.00,80.00,12.00,54.00,40.00,6.00
2025-12-05 06:31:16,108.00,80.00,12.00,54.00,40.00,6.00
2025-12-05 06:32:06,108.00,80.00,12.00,54.00,40.00,6.00
2025-12-05 06:32:55,108.00,80.00,12.00,54.00,40.00,6.00
2025-12-05 06:33:44,108.00,80.00,12.00,54.00,40.00,6.00
2025-12-05 06:34:34,108.00,80.00,12.00,54.00,40.00,6.00
2025-12-05 06:35:23,108.00,80.00,12.00,54.00,40.00,6.00
2025-12-05 06:36:13,108.00,80.00,12.00,54.00,40.00,6.00
2025-12-05 06:37:05,108.00,80.00,12.00,54.00,40.00,6.00
2025-12-05 06:37:56,108.00,80.00,12.00,54.00,40.00,6.00
2025-12-05 06:38:45,108.00,80.00,12.00,54.00,40.00,6.00
2025-12-05 06:39:36,108.00,80.00,12.00,54.00,40.00,6.00
2025-12-05 06:40:24,108.00,80.00,12.00,54.00,40.00,6.00
2025-12-05 06:41:13,108.00,80.00,12.00,54.00,40.00,6.00
2025-12-05 06:42:04,108.00,80.00,12.00,54.00,40.00,6.00
2025-12-05 06:42:53,108.00,80.00,12.00,54.00,40.00,6.00
2025-12-05 06:43:42,108.00,80.00,12.00,54.00,40.00,6.00
2025-12-05 06:44:30,108.00,80.00,12.00,54.00,40.00,6.00
2025-12-05 06:45:23,108.00,80.00,12.00,54.00,40.00,6.00
2025-12-05 06:46:13,108.00,80.00,12.00,54.00,40.00,6.00
2025-12-05 06:47:02,108.00,80.00,12.00,54.00,40.00,6.00
2025-12-05 06:47:51,108.00,80.00,12.00,54.00,40.00,6.00
2025-12-05 06:48:41,108.00,80.00,12.00,54.00,40.00,6.00
2025-12-05 06:49:31,108.00,80.00,12.00,54.00,40.00,6.00
2025-12-05 06:50:19,108.00,80.00,12.00,54.00,40.00,6.00
2025-12-05 06:51:08,108.00,80.00,12.00,54.00,40.00,6.00
2025-12-05 06:52:00,108.00,80.00,12.00,54.00,40.00,6.00
2025-12-05 06:52:50,108.00,80.00,12.00,54.00,40.00,6.00
2025-12-05 06:53:41,108.00,80.00,12.00,54.00,40.00,6.00
2025-12-05 06:54:32,108.00,80.00,12.00,54.00,40.00,6.00
2025-12-05 06:55:24,108.00,80.00,12.00,54.00,40.00,6.00
2025-12-05 06:56:13,108.00,80.00,12.00,54.00,40.00,6.00
2025-12-05 06:57:04,108.00,80.00,12.00,54.00,40.00,6.00
2025-12-05 06:57:53,108.00,80.00,12.00,54.00,40.00,6.00
2025-12-05 06:58:44,108.00,80.00,12.00,54.00,40.00,6.00
2025-12-05 06:59:35,108.00,80.00,12.00,54.00,40.00,6.00
2025-12-05 07:00:27,108.00,80.00,12.00,54.00,40.00,6.00
2025-12-05 07:01:19,108.00,80.00,12.00,54.00,40.00,6.00
2025-12-05 07:02:09,108.00,80.00,12.00,54.00,40.00,6.00
2025-12-05 07:03:00,108.00,80.00,12.00,54.00,40.00,6.00
2025-12-05 07:03:51,108.00,80.00,12.00,54.00,40.00,6.00
2025-12-05 07:04:41,108.00,80.00,12.00,54.00,40.00,6.00
2025-12-05 07:05:32,108.00,80.00,12.00,54.00,40.00,6.00
2025-12-05 07:06:25,108.00,80.00,12.00,54.00,40.00,6.00
2025-12-05 07:07:17,108.00,80.00,12.00,54.00,40.00,6.00
2025-12-05 07:08:08,108.00,80.00,12.00,54.00,40.00,6.00
2025-12-05 07:08:58,108.00,80.00,12.00,54.00,40.00,6.00
2025-12-05 07:09:49,108.00,80.00,12.00,54.00,40.00,6.00
2025-12-05 07:10:39,108.00,80.00,12.00,54.00,40.00,6.00
2025-12-05 07:11:29,108.00,80.00,12.00,54.00,40.00,6.00
2025-12-05 07:12:20,108.00,80.00,12.00,54.00,40.00,6.00
2025-12-05 07:13:11,108.00,80.00,12.00,54.00,40.00,6.00
2025-12-05 07:14:00,108.00,80.00,12.00,54.00,40.00,6.00
2025-12-05 07:14:49,108.00,80.00,12.00,54.00,40.00,6.00
2025-12-05 07:15:39,108.00,80.00,12.00,54.00,40.00,6.00
2025-12-05 07:16:28,108.00,80.00,12.00,54.00,40.00,6.00
2025-12-05 07:17:18,108.00,80.00,12.00,54.00,40.00,6.00
2025-12-05 07:18:08,108.00,80.00,12.00,54.00,40.00,6.00
2025-12-05 07:18:58,108.00,80.00,12.00,54.00,40.00,6.00
2025-12-05 07:19:47,108.00,80.00,12.00,54.00,40.00,6.00
2025-12-05 07:20:37,108.00,80.00,12.00,54.00,40.00,6.00
2025-12-05 07:21:30,108.00,80.00,12.00,54.00,40.00,6.00
2025-12-05 07:22:20,108.00,80.00,12.00,54.00,40.00,6.00
2025-12-05 07:23:10,108.00,80.00,12.00,54.00,40.00,6.00
2025-12-05 07:23:58,108.00,80.00,12.00,54.00,40.00,6.00
2025-12-05 07:24:47,108.00,80.00,12.00,54.00,40.00,6.00
2025-12-05 07:25:35,108.00,80.00,12.00,54.00,40.00,6.00
2025-12-05 07:26:29,108.00,80.00,12.00,54.00,40.00,6.00
2025-12-05 07:27:18,108.00,80.00,12.00,54.00,40.00,6.00
2025-12-05 07:28:08,108.00,80.00,12.00,54.00,40.00,6.00
2025-12-05 07:28:58,108.00,80.00,12.00,54.00,40.00,6.00
2025-12-05 07:29:48,108.00,80.00,12.00,54.00,40.00,6.00
2025-12-05 07:30:37,108.00,80.00,12.00,54.00,40.00,6.00
2025-12-05 07:31:28,108.00,80.00,12.00,54.00,40.00,6.00
2025-12-05 07:32:17,108.00,80.00,12.00,54.00,40.00,6.00
2025-12-05 07:33:07,108.00,80.00,12.00,54.00,40.00,6.00
2025-12-05 07:33:56,108.00,80.00,12.00,54.00,40.00,6.00
2025-12-05 07:34:45,108.00,80.00,12.00,54.00,40.00,6.00
2025-12-05 07:35:35,108.00,80.00,12.00,54.00,40.00,6.00
2025-12-05 07:36:30,108.00,80.00,12.00,54.00,40.00,6.00
2025-12-05 07:37:19,108.00,80.00,12.00,54.00,40.00,6.00
2025-12-05 07:38:08,108.00,80.00,12.00,54.00,40.00,6.00
2025-12-05 07:38:57,108.00,80.00,12.00,54.00,40.00,6.00
2025-12-05 07:39:47,108.00,80.00,12.00,54.00,40.00,6.00
2025-12-05 07:40:36,108.00,80.00,12.00,54.00,40.00,6.00
2025-12-05 07:41:31,108.00,80.00,12.00,54.00,40.00,6.00
2025-12-05 07:42:21,108.00,80.00,12.00,54.00,40.00,6.00
2025-12-05 07:43:11,108.00,80.00,12.00,54.00,40.00,6.00
2025-12-05 07:44:02,108.00,80.00,12.00,54.00,40.00,6.00
2025-12-05 07:44:55,108.00,80.00,12.00,54.00,40.00,6.00
2025-12-05 07:45:44,108.00,80.00,12.00,54.00,40.00,6.00
2025-12-05 07:46:34,108.00,80.00,12.00,54.00,40.00,6.00
2025-12-05 07:47:23,108.00,80.00,12.00,54.00,40.00,6.00
2025-12-05 07:48:13,108.00,80.00,12.00,54.00,40.00,6.00
2025-12-05 07:49:03,108.00,80.00,12.00,54.00,40.00,6.00
2025-12-05 07:49:53,108.00,80.00,12.00,54.00,40.00,6.00
2025-12-05 07:50:42,108.00,80.00,12.00,54.00,40.00,6.00
2025-12-05 07:51:33,108.00,80.00,12.00,54.00,40.00,6.00
2025-12-05 07:52:23,108.00,80.00,12.00,54.00,40.00,6.00
2025-12-05 07:53:14,108.00,80.00,12.00,54.00,40.00,6.00
2025-12-05 07:54:03,108.00,80.00,12.00,54.00,40.00,6.00
2025-12-05 07:54:52,108.00,80.00,12.00,54.00,40.00,6.00
2025-12-05 07:55:44,108.00,80.00,12.00,54.00,40.00,6.00
2025-12-05 07:56:33,108.00,80.00,12.00,54.00,40.00,6.00
2025-12-05 07:57:23,108.00,80.00,12.00,54.00,40.00,6.00
2025-12-05 07:58:12,108.00,80.00,12.00,54.00,40.00,6.00
2025-12-05 07:59:03,108.00,80.00,12.00,54.00,40.00,6.00
2025-12-05 07:59:53,108.00,80.00,12.00,54.00,40.00,6.00
2025-12-05 08:00:44,108.00,80.00,12.00,54.00,40.00,6.00
2025-12-05 08:01:35,108.00,80.00,12.00,54.00,40.00,6.00
2025-12-05 08:02:25,108.00,80.00,12.00,54.00,40.00,6.00
2025-12-05 08:03:16,108.00,80.00,12.00,54.00,40.00,6.00
2025-12-05 08:04:07,108.00,80.00,12.00,54.00,40.00,6.00
2025-12-05 08:04:57,108.00,80.00,12.00,54.00,40.00,6.00
2025-12-05 08:05:48,108.00,80.00,12.00,54.00,40.00,6.00
2025-12-05 08:06:40,108.00,80.00,12.00,54.00,40.00,6.00
2025-12-05 08:07:31,108.00,80.00,12.00,54.00,40.00,6.00
2025-12-05 08:08:22,108.00,80.00,12.00,54.00,40.00,6.00
2025-12-05 08:09:13,108.00,80.00,12.00,54.00,40.00,6.00
2025-12-05 08:10:02,108.00,80.00,12.00,54.00,40.00,6.00
2025-12-05 08:10:53,108.00,80.00,12.00,54.00,40.00,6.00
2025-12-05 08:11:42,108.00,80.00,12.00,54.00,40.00,6.00
2025-12-05 08:12:33,108.00,80.00,12.00,54.00,40.00,6.00
2025-12-05 08:13:25,108.00,80.00,12.00,54.00,40.00,6.00
2025-12-05 08:14:15,108.00,80.00,12.00,54.00,40.00,6.00
2025-12-05 08:15:05,108.00,80.00,12.00,54.00,40.00,6.00
2025-12-05 08:15:57,108.00,80.00,12.00,54.00,40.00,6.00
2025-12-05 08:16:47,108.00,80.00,12.00,54.00,40.00,6.00
2025-12-05 08:17:39,108.00,80.00,12.00,54.00,40.00,6.00
2025-12-05 08:18:30,108.00,80.00,12.00,54.00,40.00,6.00
2025-12-05 08:19:21,108.00,80.00,12.00,54.00,40.00,6.00
2025-12-05 08:20:11,108.00,80.00,12.00,54.00,40.00,6.00
2025-12-05 08:21:08,108.00,80.00,12.00,54.00,40.00,6.00
2025-12-05 08:21:58,108.00,80.00,12.00,54.00,40.00,6.00
2025-12-05 08:22:49,108.00,80.00,12.00,54.00,40.00,6.00
2025-12-05 08:23:41,108.00,80.00,12.00,54.00,40.00,6.00
2025-12-05 08:24:35,108.00,80.00,12.00,54.00,40.00,6.00
2025-12-05 08:25:25,108.00,80.00,12.00,54.00,40.00,6.00
2025-12-05 08:26:16,108.00,80.00,12.00,54.00,40.00,6.00
2025-12-05 08:27:05,108.00,80.00,12.00,54.00,40.00,6.00
2025-12-05 08:27:55,108.00,80.00,12.00,54.00,40.00,6.00
2025-12-05 08:28:47,108.00,80.00,12.00,54.00,40.00,6.00
2025-12-05 08:29:37,108.00,80.00,12.00,54.00,40.00,6.00
2025-12-05 08:30:30,108.00,80.00,12.00,54.00,40.00,6.00
2025-12-05 08:31:22,108.00,81.00,11.00,54.00,40.50,5.50
2025-12-05 08:32:10,109.00,80.00,11.00,54.50,40.00,5.50
2025-12-05 08:33:00,109.00,79.00,12.00,54.50,39.50,6.00
2025-12-05 08:33:50,108.00,80.00,12.00,54.00,40.00,6.00
2025-12-05 08:34:41,107.00,81.00,12.00,53.50,40.50,6.00
2025-12-05 08:35:30,109.00,81.00,10.00,54.50,40.50,5.00
2025-12-05 08:36:21,109.00,81.00,10.00,54.50,40.50,5.00
2025-12-05 08:37:10,109.00,81.00,10.00,54.50,40.50,5.00
2025-12-05 08:38:00,110.00,80.00,10.00,55.00,40.00,5.00
2025-12-05 08:38:51,108.00,82.00,10.00,54.00,41.00,5.00
2025-12-05 08:39:41,108.00,82.00,10.00,54.00,41.00,5.00
2025-12-05 08:40:31,108.00,82.00,10.00,54.00,41.00,5.00
2025-12-05 08:41:21,108.00,82.00,10.00,54.00,41.00,5.00
2025-12-05 08:42:12,107.00,83.00,10.00,53.50,41.50,5.00
2025-12-05 08:43:03,107.00,83.00,10.00,53.50,41.50,5.00
2025-12-05 08:43:52,109.00,82.00,9.00,54.50,41.00,4.50
2025-12-05 08:44:43,108.00,83.00,9.00,54.00,41.50,4.50
2025-12-05 08:45:34,107.00,84.00,9.00,53.50,42.00,4.50
2025-12-05 08:46:24,107.00,84.00,9.00,53.50,42.00,4.50
2025-12-05 08:47:16,107.00,84.00,9.00,53.50,42.00,4.50
2025-12-05 08:48:06,107.00,84.00,9.00,53.50,42.00,4.50
2025-12-05 08:48:56,107.00,84.00,9.00,53.50,42.00,4.50
2025-12-05 08:49:48,107.00,83.00,10.00,53.50,41.50,5.00
2025-12-05 08:50:39,107.00,83.00,10.00,53.50,41.50,5.00
2025-12-05 08:51:30,106.00,84.00,10.00,53.00,42.00,5.00
2025-12-05 08:52:22,106.00,84.00,10.00,53.00,42.00,5.00
2025-12-05 08:53:13,105.00,84.00,11.00,52.50,42.00,5.50
2025-12-05 08:54:02,105.00,84.00,11.00,52.50,42.00,5.50
2025-12-05 08:54:53,104.00,85.00,11.00,52.00,42.50,5.50
2025-12-05 08:55:43,103.00,86.00,11.00,51.50,43.00,5.50
2025-12-05 08:56:36,102.00,86.00,12.00,51.00,43.00,6.00
2025-12-05 08:57:26,104.00,85.00,11.00,52.00,42.50,5.50
2025-12-05 08:58:18,105.00,84.00,11.00,52.50,42.00,5.50
2025-12-05 08:59:08,105.00,84.00,11.00,52.50,42.00,5.50
2025-12-05 08:59:58,104.00,85.00,11.00,52.00,42.50,5.50
2025-12-05 09:00:49,102.00,86.00,12.00,51.00,43.00,6.00
2025-12-05 09:01:39,101.00,87.00,12.00,50.50,43.50,6.00
2025-12-05 09:02:29,101.00,88.00,11.00,50.50,44.00,5.50
2025-12-05 09:03:20,101.00,89.00,10.00,50.50,44.50,5.00
2025-12-05 09:04:10,102.00,88.00,10.00,51.00,44.00,5.00
2025-12-05 09:05:02,102.00,87.00,11.00,51.00,43.50,5.50
2025-12-05 09:05:53,104.00,85.00,11.00,52.00,42.50,5.50
2025-12-05 09:06:44,102.00,87.00,11.00,51.00,43.50,5.50
2025-12-05 09:07:34,103.00,86.00,11.00,51.50,43.00,5.50
2025-12-05 09:08:25,102.00,87.00,11.00,51.00,43.50,5.50
2025-12-05 09:09:15,102.00,86.00,12.00,51.00,43.00,6.00
2025-12-05 09:10:07,101.00,87.00,12.00,50.50,43.50,6.00
2025-12-05 09:10:59,100.00,87.00,13.00,50.00,43.50,6.50
2025-12-05 09:11:48,100.00,86.00,14.00,50.00,43.00,7.00
2025-12-05 09:12:39,103.00,83.00,14.00,51.50,41.50,7.00
2025-12-05 09:13:32,105.00,81.00,14.00,52.50,40.50,7.00
2025-12-05 09:14:22,105.00,82.00,13.00,52.50,41.00,6.50
2025-12-05 09:15:15,106.00,81.00,13.00,53.00,40.50,6.50
2025-12-05 09:16:07,105.00,83.00,12.00,52.50,41.50,6.00
2025-12-05 09:17:00,104.00,84.00,12.00,52.00,42.00,6.00
2025-12-05 09:17:49,104.00,83.00,13.00,52.00,41.50,6.50
2025-12-05 09:18:38,106.00,81.00,13.00,53.00,40.50,6.50
2025-12-05 09:19:29,107.00,80.00,13.00,53.50,40.00,6.50
2025-12-05 09:20:20,108.00,79.00,13.00,54.00,39.50,6.50
2025-12-05 09:21:09,109.00,78.00,13.00,54.50,39.00,6.50
2025-12-05 09:21:59,109.00,78.00,13.00,54.50,39.00,6.50
2025-12-05 09:22:50,109.00,78.00,13.00,54.50,39.00,6.50
2025-12-05 09:23:42,109.00,77.00,14.00,54.50,38.50,7.00
2025-12-05 09:24:33,109.00,77.00,14.00,54.50,38.50,7.00
2025-12-05 09:25:25,110.00,76.00,14.00,55.00,38.00,7.00
2025-12-05 09:26:19,109.00,76.00,15.00,54.50,38.00,7.50
2025-12-05 09:27:11,109.00,76.00,15.00,54.50,38.00,7.50
2025-12-05 09:28:01,108.00,77.00,15.00,54.00,38.50,7.50
2025-12-05 09:28:53,109.00,75.00,16.00,54.50,37.50,8.00
2025-12-05 09:29:45,108.00,76.00,16.00,54.00,38.00,8.00
2025-12-05 09:30:37,108.00,77.00,15.00,54.00,38.50,7.50
2025-12-05 09:31:26,108.00,77.00,15.00,54.00,38.50,7.50
2025-12-05 09:32:18,109.00,76.00,15.00,54.50,38.00,7.50
2025-12-05 09:33:08,109.00,75.00,16.00,54.50,37.50,8.00
2025-12-05 09:33:58,107.00,77.00,16.00,53.50,38.50,8.00
2025-12-05 09:34:48,107.00,76.00,17.00,53.50,38.00,8.50
2025-12-05 09:35:39,106.00,77.00,17.00,53.00,38.50,8.50
2025-12-05 09:36:30,105.00,78.00,17.00,52.50,39.00,8.50
2025-12-05 09:37:21,104.00,79.00,17.00,52.00,39.50,8.50
2025-12-05 09:38:13,104.00,79.00,17.00,52.00,39.50,8.50
2025-12-05 09:39:04,103.00,79.00,18.00,51.50,39.50,9.00
2025-12-05 09:39:54,101.00,81.00,18.00,50.50,40.50,9.00
2025-12-05 09:40:48,100.00,82.00,18.00,50.00,41.00,9.00
2025-12-05 09:41:40,99.00,83.00,18.00,49.50,41.50,9.00
2025-12-05 09:42:29,98.00,84.00,18.00,49.00,42.00,9.00
2025-12-05 09:43:18,98.00,84.00,18.00,49.00,42.00,9.00
2025-12-05 09:44:07,98.00,83.00,19.00,49.00,41.50,9.50
2025-12-05 09:44:59,97.00,84.00,19.00,48.50,42.00,9.50
2025-12-05 09:45:50,96.00,85.00,19.00,48.00,42.50,9.50
2025-12-05 09:46:40,97.00,84.00,19.00,48.50,42.00,9.50
2025-12-05 09:47:31,98.00,83.00,19.00,49.00,41.50,9.50
2025-12-05 09:48:20,98.00,83.00,19.00,49.00,41.50,9.50
2025-12-05 09:49:12,98.00,83.00,19.00,49.00,41.50,9.50
2025-12-05 09:50:02,98.00,82.00,20.00,49.00,41.00,10.00
2025-12-05 09:50:53,97.00,84.00,19.00,48.50,42.00,9.50
2025-12-05 09:51:45,98.00,84.00,18.00,49.00,42.00,9.00
2025-12-05 09:52:36,99.00,83.00,18.00,49.50,41.50,9.00
2025-12-05 09:53:25,98.00,84.00,18.00,49.00,42.00,9.00
2025-12-05 09:54:15,97.00,85.00,18.00,48.50,42.50,9.00
2025-12-05 09:55:07,97.00,85.00,18.00,48.50,42.50,9.00
2025-12-05 09:55:57,98.00,84.00,18.00,49.00,42.00,9.00
2025-12-05 09:56:50,97.00,84.00,19.00,48.50,42.00,9.50
2025-12-05 09:57:41,96.00,85.00,19.00,48.00,42.50,9.50
2025-12-05 09:58:33,97.00,84.00,19.00,48.50,42.00,9.50
2025-12-05 09:59:25,98.00,83.00,19.00,49.00,41.50,9.50
2025-12-05 10:00:14,98.00,83.00,19.00,49.00,41.50,9.50
2025-12-05 10:01:06,99.00,82.00,19.00,49.50,41.00,9.50
2025-12-05 10:01:56,99.00,82.00,19.00,49.50,41.00,9.50
2025-12-05 10:02:47,97.00,84.00,19.00,48.50,42.00,9.50
2025-12-05 10:03:38,97.00,84.00,19.00,48.50,42.00,9.50
2025-12-05 10:04:30,97.00,83.00,20.00,48.50,41.50,10.00
2025-12-05 10:05:23,98.00,82.00,20.00,49.00,41.00,10.00
2025-12-05 10:06:20,100.00,80.00,20.00,50.00,40.00,10.00
2025-12-05 10:07:10,102.00,79.00,19.00,51.00,39.50,9.50
2025-12-05 10:08:01,105.00,77.00,18.00,52.50,38.50,9.00
2025-12-05 10:08:51,106.00,76.00,18.00,53.00,38.00,9.00
2025-12-05 10:09:40,107.00,76.00,17.00,53.50,38.00,8.50
2025-12-05 10:10:30,107.00,76.00,17.00,53.50,38.00,8.50
2025-12-05 10:11:19,107.00,76.00,17.00,53.50,38.00,8.50
2025-12-05 10:12:11,107.00,75.00,18.00,53.50,37.50,9.00
2025-12-05 10:13:07,107.00,75.00,18.00,53.50,37.50,9.00
2025-12-05 10:13:59,108.00,74.00,18.00,54.00,37.00,9.00
2025-12-05 10:14:52,107.00,75.00,18.00,53.50,37.50,9.00
2025-12-05 10:15:43,107.00,75.00,18.00,53.50,37.50,9.00
2025-12-05 10:16:34,109.00,73.00,18.00,54.50,36.50,9.00
2025-12-05 10:17:26,110.00,73.00,17.00,55.00,36.50,8.50
2025-12-05 10:18:19,110.00,73.00,17.00,55.00,36.50,8.50
2025-12-05 10:19:13,110.00,72.00,18.00,55.00,36.00,9.00
2025-12-05 10:20:04,109.00,73.00,18.00,54.50,36.50,9.00
2025-12-05 10:20:55,109.00,73.00,18.00,54.50,36.50,9.00
2025-12-05 10:21:47,108.00,73.00,19.00,54.00,36.50,9.50
2025-12-05 10:22:37,108.00,74.00,18.00,54.00,37.00,9.00
2025-12-05 10:23:27,107.00,75.00,18.00,53.50,37.50,9.00
2025-12-05 10:24:19,110.00,72.00,18.00,55.00,36.00,9.00
2025-12-05 10:25:09,110.00,73.00,17.00,55.00,36.50,8.50
2025-12-05 10:25:59,109.00,74.00,17.00,54.50,37.00,8.50
2025-12-05 10:26:52,111.00,74.00,15.00,55.50,37.00,7.50
2025-12-05 10:27:41,109.00,76.00,15.00,54.50,38.00,7.50
2025-12-05 10:28:31,108.00,76.00,16.00,54.00,38.00,8.00
2025-12-05 10:29:22,107.00,77.00,16.00,53.50,38.50,8.00
2025-12-05 10:30:12,108.00,76.00,16.00,54.00,38.00,8.00
2025-12-05 10:31:04,107.00,76.00,17.00,53.50,38.00,8.50
2025-12-05 10:31:56,106.00,76.00,18.00,53.00,38.00,9.00
2025-12-05 10:32:48,105.00,77.00,18.00,52.50,38.50,9.00
2025-12-05 10:33:39,105.00,77.00,18.00,52.50,38.50,9.00
2025-12-05 10:34:28,106.00,75.00,19.00,53.00,37.50,9.50
2025-12-05 10:35:20,106.00,76.00,18.00,53.00,38.00,9.00
2025-12-05 10:36:11,105.00,76.00,19.00,52.50,38.00,9.50
2025-12-05 10:37:03,103.00,78.00,19.00,51.50,39.00,9.50
2025-12-05 10:37:54,102.00,79.00,19.00,51.00,39.50,9.50
2025-12-05 10:38:43,101.00,80.00,19.00,50.50,40.00,9.50
2025-12-05 10:39:34,101.00,80.00,19.00,50.50,40.00,9.50
2025-12-05 10:40:26,101.00,80.00,19.00,50.50,40.00,9.50
2025-12-05 10:41:17,103.00,79.00,18.00,51.50,39.50,9.00
2025-12-05 10:42:08,104.00,78.00,18.00,52.00,39.00,9.00
2025-12-05 10:42:58,103.00,79.00,18.00,51.50,39.50,9.00
2025-12-05 10:43:48,103.00,80.00,17.00,51.50,40.00,8.50
2025-12-05 10:44:38,103.00,80.00,17.00,51.50,40.00,8.50
2025-12-05 10:45:28,105.00,79.00,16.00,52.50,39.50,8.00
2025-12-05 10:46:18,105.00,79.00,16.00,52.50,39.50,8.00
2025-12-05 10:47:11,104.00,80.00,16.00,52.00,40.00,8.00
2025-12-05 10:48:00,105.00,79.00,16.00,52.50,39.50,8.00
2025-12-05 10:48:56,105.00,79.00,16.00,52.50,39.50,8.00
2025-12-05 10:49:55,105.00,78.00,17.00,52.50,39.00,8.50
2025-12-05 10:50:46,106.00,78.00,16.00,53.00,39.00,8.00
2025-12-05 10:51:36,106.00,78.00,16.00,53.00,39.00,8.00
2025-12-05 10:52:28,106.00,77.00,17.00,53.00,38.50,8.50
2025-12-05 10:53:19,106.00,77.00,17.00,53.00,38.50,8.50
2025-12-05 10:54:10,107.00,76.00,17.00,53.50,38.00,8.50
2025-12-05 10:55:03,107.00,76.00,17.00,53.50,38.00,8.50
2025-12-05 10:55:58,108.00,75.00,17.00,54.00,37.50,8.50
2025-12-05 10:56:49,107.00,75.00,18.00,53.50,37.50,9.00
2025-12-05 10:57:44,107.00,75.00,18.00,53.50,37.50,9.00
2025-12-05 10:58:39,106.00,76.00,18.00,53.00,38.00,9.00
2025-12-05 10:59:31,104.00,78.00,18.00,52.00,39.00,9.00
2025-12-05 11:00:22,105.00,78.00,17.00,52.50,39.00,8.50
2025-12-05 11:01:14,104.00,78.00,18.00,52.00,39.00,9.00
2025-12-05 11:02:04,104.00,78.00,18.00,52.00,39.00,9.00
2025-12-05 11:02:54,102.00,80.00,18.00,51.00,40.00,9.00
2025-12-05 11:03:43,103.00,79.00,18.00,51.50,39.50,9.00
2025-12-05 11:04:34,102.00,80.00,18.00,51.00,40.00,9.00
2025-12-05 11:05:25,101.00,80.00,19.00,50.50,40.00,9.50
2025-12-05 11:06:16,101.00,80.00,19.00,50.50,40.00,9.50
2025-12-05 11:07:07,102.00,79.00,19.00,51.00,39.50,9.50
2025-12-05 11:08:00,101.00,80.00,19.00,50.50,40.00,9.50
2025-12-05 11:08:52,99.00,81.00,20.00,49.50,40.50,10.00
2025-12-05 11:09:43,102.00,79.00,19.00,51.00,39.50,9.50
2025-12-05 11:10:32,102.00,79.00,19.00,51.00,39.50,9.50
2025-12-05 11:11:21,102.00,79.00,19.00,51.00,39.50,9.50
2025-12-05 11:12:10,101.00,79.00,20.00,50.50,39.50,10.00
2025-12-05 11:13:00,102.00,78.00,20.00,51.00,39.00,10.00
2025-12-05 11:13:51,101.00,78.00,21.00,50.50,39.00,10.50
2025-12-05 11:14:40,101.00,78.00,21.00,50.50,39.00,10.50
2025-12-05 11:15:30,100.00,79.00,21.00,50.00,39.50,10.50
2025-12-05 11:16:20,100.00,78.00,22.00,50.00,39.00,11.00
2025-12-05 11:17:11,99.00,79.00,22.00,49.50,39.50,11.00
2025-12-05 11:18:02,100.00,78.00,22.00,50.00,39.00,11.00
2025-12-05 11:18:52,100.00,77.00,23.00,50.00,38.50,11.50
2025-12-05 11:19:40,100.00,77.00,23.00,50.00,38.50,11.50
2025-12-05 11:20:28,101.00,76.00,23.00,50.50,38.00,11.50
2025-12-05 11:21:20,102.00,75.00,23.00,51.00,37.50,11.50
2025-12-05 11:22:11,100.00,76.00,24.00,50.00,38.00,12.00
2025-12-05 11:23:02,99.00,76.00,25.00,49.50,38.00,12.50
2025-12-05 11:23:53,100.00,75.00,25.00,50.00,37.50,12.50
2025-12-05 11:24:42,100.00,75.00,25.00,50.00,37.50,12.50
2025-12-05 11:25:33,101.00,73.00,26.00,50.50,36.50,13.00
2025-12-05 11:26:25,100.00,74.00,26.00,50.00,37.00,13.00
2025-12-05 11:27:16,100.00,74.00,26.00,50.00,37.00,13.00
2025-12-05 11:28:07,101.00,73.00,26.00,50.50,36.50,13.00
2025-12-05 11:28:59,100.00,74.00,26.00,50.00,37.00,13.00
2025-12-05 11:29:51,100.00,74.00,26.00,50.00,37.00,13.00
2025-12-05 11:30:42,100.00,74.00,26.00,50.00,37.00,13.00
2025-12-05 11:31:35,98.00,75.00,27.00,49.00,37.50,13.50
2025-12-05 11:32:26,97.00,76.00,27.00,48.50,38.00,13.50
2025-12-05 11:33:18,97.00,76.00,27.00,48.50,38.00,13.50
2025-12-05 11:33:46,98.00,75.00,27.00,49.00,37.50,13.50
2025-12-05 11:34:38,99.00,74.00,27.00,49.50,37.00,13.50
2025-12-05 11:35:31,101.00,72.00,27.00,50.50,36.00,13.50
2025-12-05 11:36:21,102.00,73.00,25.00,51.00,36.50,12.50
2025-12-05 11:37:11,101.00,73.00,26.00,50.50,36.50,13.00
2025-12-05 11:38:00,102.00,72.00,26.00,51.00,36.00,13.00
2025-12-05 11:38:50,101.00,73.00,26.00,50.50,36.50,13.00
2025-12-05 11:39:43,99.00,75.00,26.00,49.50,37.50,13.00
2025-12-05 11:40:33,100.00,74.00,26.00,50.00,37.00,13.00
2025-12-05 11:41:23,99.00,74.00,27.00,49.50,37.00,13.50
2025-12-05 11:42:19,100.00,74.00,26.00,50.00,37.00,13.00
2025-12-05 11:43:10,102.00,73.00,25.00,51.00,36.50,12.50
2025-12-05 11:44:00,101.00,74.00,25.00,50.50,37.00,12.50
2025-12-05 11:44:49,100.00,75.00,25.00,50.00,37.50,12.50
2025-12-05 11:45:43,100.00,75.00,25.00,50.00,37.50,12.50
2025-12-05 11:46:33,100.00,75.00,25.00,50.00,37.50,12.50
2025-12-05 11:47:24,99.00,76.00,25.00,49.50,38.00,12.50
2025-12-05 11:48:17,97.00,78.00,25.00,48.50,39.00,12.50
2025-12-05 11:49:08,100.00,75.00,25.00,50.00,37.50,12.50
2025-12-05 11:50:01,99.00,76.00,25.00,49.50,38.00,12.50
2025-12-05 11:50:51,99.00,75.00,26.00,49.50,37.50,13.00
2025-12-05 11:51:40,99.00,75.00,26.00,49.50,37.50,13.00
2025-12-05 11:52:31,100.00,74.00,26.00,50.00,37.00,13.00
2025-12-05 11:53:23,100.00,74.00,26.00,50.00,37.00,13.00
2025-12-05 11:54:19,100.00,74.00,26.00,50.00,37.00,13.00
2025-12-05 11:55:11,100.00,75.00,25.00,50.00,37.50,12.50
2025-12-05 11:56:02,100.00,75.00,25.00,50.00,37.50,12.50
2025-12-05 11:56:52,100.00,75.00,25.00,50.00,37.50,12.50
2025-12-05 11:57:45,100.00,75.00,25.00,50.00,37.50,12.50
2025-12-05 11:58:35,99.00,76.00,25.00,49.50,38.00,12.50
2025-12-05 11:59:26,97.00,78.00,25.00,48.50,39.00,12.50
2025-12-05 12:00:17,98.00,78.00,24.00,49.00,39.00,12.00
2025-12-05 12:01:08,98.00,77.00,25.00,49.00,38.50,12.50
2025-12-05 12:01:59,98.00,77.00,25.00,49.00,38.50,12.50
2025-12-05 12:02:50,98.00,77.00,25.00,49.00,38.50,12.50
2025-12-05 12:03:41,99.00,76.00,25.00,49.50,38.00,12.50
2025-12-05 12:04:32,97.00,77.00,26.00,48.50,38.50,13.00
2025-12-05 12:05:21,97.00,77.00,26.00,48.50,38.50,13.00
2025-12-05 12:06:12,96.00,77.00,27.00,48.00,38.50,13.50
2025-12-05 12:07:04,97.00,76.00,27.00,48.50,38.00,13.50
2025-12-05 12:07:54,97.00,76.00,27.00,48.50,38.00,13.50
2025-12-05 12:08:45,98.00,75.00,27.00,49.00,37.50,13.50
2025-12-05 12:09:35,99.00,74.00,27.00,49.50,37.00,13.50
2025-12-05 12:10:26,100.00,73.00,27.00,50.00,36.50,13.50
2025-12-05 12:11:16,99.00,74.00,27.00,49.50,37.00,13.50
2025-12-05 12:12:05,98.00,75.00,27.00,49.00,37.50,13.50
2025-12-05 12:12:56,100.00,73.00,27.00,50.00,36.50,13.50
2025-12-05 12:13:45,100.00,73.00,27.00,50.00,36.50,13.50
2025-12-05 12:14:35,99.00,75.00,26.00,49.50,37.50,13.00
2025-12-05 12:15:27,98.00,75.00,27.00,49.00,37.50,13.50
2025-12-05 12:16:18,100.00,74.00,26.00,50.00,37.00,13.00
2025-12-05 12:17:10,101.00,74.00,25.00,50.50,37.00,12.50
2025-12-05 12:18:00,100.00,74.00,26.00,50.00,37.00,13.00
2025-12-05 12:18:51,99.00,74.00,27.00,49.50,37.00,13.50
2025-12-05 12:19:42,99.00,74.00,27.00,49.50,37.00,13.50
2025-12-05 12:20:33,101.00,73.00,26.00,50.50,36.50,13.00
2025-12-05 12:21:22,100.00,74.00,26.00,50.00,37.00,13.00
2025-12-05 12:22:13,103.00,72.00,25.00,51.50,36.00,12.50
2025-12-05 12:23:06,104.00,71.00,25.00,52.00,35.50,12.50
2025-12-05 12:23:56,104.00,70.00,26.00,52.00,35.00,13.00
2025-12-05 12:24:48,104.00,70.00,26.00,52.00,35.00,13.00
2025-12-05 12:25:40,103.00,71.00,26.00,51.50,35.50,13.00
2025-12-05 12:26:30,103.00,72.00,25.00,51.50,36.00,12.50
2025-12-05 12:27:22,104.00,71.00,25.00,52.00,35.50,12.50
2025-12-05 12:28:13,105.00,70.00,25.00,52.50,35.00,12.50
2025-12-05 12:29:05,106.00,69.00,25.00,53.00,34.50,12.50
2025-12-05 12:29:59,107.00,68.00,25.00,53.50,34.00,12.50
2025-12-05 12:30:48,108.00,67.00,25.00,54.00,33.50,12.50
2025-12-05 12:31:39,108.00,67.00,25.00,54.00,33.50,12.50
2025-12-05 12:32:33,108.00,66.00,26.00,54.00,33.00,13.00
2025-12-05 12:33:32,108.00,67.00,25.00,54.00,33.50,12.50
2025-12-05 12:34:28,107.00,68.00,25.00,53.50,34.00,12.50
2025-12-05 12:35:25,106.00,69.00,25.00,53.00,34.50,12.50
2025-12-05 12:36:22,106.00,70.00,24.00,53.00,35.00,12.00
2025-12-05 12:37:17,106.00,70.00,24.00,53.00,35.00,12.00
2025-12-05 12:38:22,106.00,71.00,23.00,53.00,35.50,11.50
2025-12-05 12:39:25,106.00,71.00,23.00,53.00,35.50,11.50
2025-12-05 12:40:22,105.00,71.00,24.00,52.50,35.50,12.00
2025-12-05 12:41:19,107.00,71.00,22.00,53.50,35.50,11.00
2025-12-05 12:42:22,106.00,72.00,22.00,53.00,36.00,11.00
2025-12-05 12:43:24,106.00,73.00,21.00,53.00,36.50,10.50
2025-12-05 12:44:18,106.00,72.00,22.00,53.00,36.00,11.00
2025-12-05 12:45:21,105.00,73.00,22.00,52.50,36.50,11.00
2025-12-05 12:46:14,105.00,74.00,21.00,52.50,37.00,10.50
2025-12-05 12:47:10,105.00,74.00,21.00,52.50,37.00,10.50
2025-12-05 12:48:06,104.00,74.00,22.00,52.00,37.00,11.00
2025-12-05 12:49:06,106.00,73.00,21.00,53.00,36.50,10.50
2025-12-05 12:50:01,107.00,73.00,20.00,53.50,36.50,10.00
2025-12-05 12:50:59,107.00,73.00,20.00,53.50,36.50,10.00
2025-12-05 12:52:01,106.00,73.00,21.00,53.00,36.50,10.50
2025-12-05 12:52:57,107.00,72.00,21.00,53.50,36.00,10.50
2025-12-05 12:53:52,106.00,72.00,22.00,53.00,36.00,11.00
2025-12-05 12:54:52,107.00,71.00,22.00,53.50,35.50,11.00
2025-12-05 12:55:46,107.00,72.00,21.00,53.50,36.00,10.50
2025-12-05 12:56:51,106.00,72.00,22.00,53.00,36.00,11.00
2025-12-05 12:57:48,106.00,72.00,22.00,53.00,36.00,11.00
2025-12-05 12:58:49,105.00,72.00,23.00,52.50,36.00,11.50
2025-12-05 12:59:44,106.00,71.00,23.00,53.00,35.50,11.50
2025-12-05 13:00:39,105.00,72.00,23.00,52.50,36.00,11.50
2025-12-05 13:01:41,105.00,71.00,24.00,52.50,35.50,12.00
2025-12-05 13:02:35,105.00,71.00,24.00,52.50,35.50,12.00
2025-12-05 13:03:29,103.00,73.00,24.00,51.50,36.50,12.00
2025-12-05 13:04:20,104.00,72.00,24.00,52.00,36.00,12.00
2025-12-05 13:05:15,104.00,72.00,24.00,52.00,36.00,12.00
2025-12-05 13:06:05,104.00,72.00,24.00,52.00,36.00,12.00
2025-12-05 13:06:56,105.00,71.00,24.00,52.50,35.50,12.00
2025-12-05 13:07:46,105.00,72.00,23.00,52.50,36.00,11.50
2025-12-05 13:08:43,104.00,72.00,24.00,52.00,36.00,12.00
2025-12-05 13:09:38,105.00,71.00,24.00,52.50,35.50,12.00
2025-12-05 13:10:32,104.00,71.00,25.00,52.00,35.50,12.50
2025-12-05 13:11:25,104.00,71.00,25.00,52.00,35.50,12.50
2025-12-05 13:12:19,103.00,71.00,26.00,51.50,35.50,13.00
2025-12-05 13:13:15,106.00,68.00,26.00,53.00,34.00,13.00
2025-12-05 13:14:08,105.00,69.00,26.00,52.50,34.50,13.00
2025-12-05 13:15:01,106.00,68.00,26.00,53.00,34.00,13.00
2025-12-05 13:15:53,106.00,67.00,27.00,53.00,33.50,13.50
2025-12-05 13:16:44,105.00,68.00,27.00,52.50,34.00,13.50
2025-12-05 13:17:37,103.00,70.00,27.00,51.50,35.00,13.50
2025-12-05 13:18:32,103.00,69.00,28.00,51.50,34.50,14.00
2025-12-05 13:19:27,103.00,70.00,27.00,51.50,35.00,13.50
2025-12-05 13:20:18,103.00,70.00,27.00,51.50,35.00,13.50
2025-12-05 13:21:10,102.00,70.00,28.00,51.00,35.00,14.00
2025-12-05 13:22:04,101.00,71.00,28.00,50.50,35.50,14.00
2025-12-05 13:22:57,100.00,72.00,28.00,50.00,36.00,14.00
2025-12-05 13:23:48,101.00,72.00,27.00,50.50,36.00,13.50
2025-12-05 13:24:40,100.00,73.00,27.00,50.00,36.50,13.50
2025-12-05 13:25:31,100.00,73.00,27.00,50.00,36.50,13.50
2025-12-05 13:26:24,100.00,74.00,26.00,50.00,37.00,13.00
2025-12-05 13:27:14,100.00,74.00,26.00,50.00,37.00,13.00
2025-12-05 13:28:06,102.00,71.00,27.00,51.00,35.50,13.50
2025-12-05 13:28:58,102.00,71.00,27.00,51.00,35.50,13.50
2025-12-05 13:29:50,103.00,71.00,26.00,51.50,35.50,13.00
2025-12-05 13:30:44,105.00,69.00,26.00,52.50,34.50,13.00
2025-12-05 13:31:36,107.00,68.00,25.00,53.50,34.00,12.50
2025-12-05 13:32:29,107.00,69.00,24.00,53.50,34.50,12.00
2025-12-05 13:33:21,107.00,68.00,25.00,53.50,34.00,12.50
2025-12-05 13:34:14,106.00,69.00,25.00,53.00,34.50,12.50
2025-12-05 13:35:04,105.00,70.00,25.00,52.50,35.00,12.50
2025-12-05 13:35:57,105.00,70.00,25.00,52.50,35.00,12.50
2025-12-05 13:36:49,104.00,71.00,25.00,52.00,35.50,12.50
2025-12-05 13:37:42,103.00,72.00,25.00,51.50,36.00,12.50
2025-12-05 13:38:38,105.00,70.00,25.00,52.50,35.00,12.50
2025-12-05 13:39:30,104.00,71.00,25.00,52.00,35.50,12.50
2025-12-05 13:40:23,104.00,71.00,25.00,52.00,35.50,12.50
2025-12-05 13:41:26,103.00,72.00,25.00,51.50,36.00,12.50
2025-12-05 13:42:26,104.00,71.00,25.00,52.00,35.50,12.50
2025-12-05 13:43:19,105.00,71.00,24.00,52.50,35.50,12.00
2025-12-05 13:44:11,103.00,72.00,25.00,51.50,36.00,12.50
2025-12-05 13:45:03,102.00,73.00,25.00,51.00,36.50,12.50
2025-12-05 13:45:54,102.00,74.00,24.00,51.00,37.00,12.00
2025-12-05 13:46:48,104.00,73.00,23.00,52.00,36.50,11.50
2025-12-05 13:47:38,103.00,74.00,23.00,51.50,37.00,11.50
2025-12-05 13:48:32,103.00,74.00,23.00,51.50,37.00,11.50
2025-12-05 13:49:30,103.00,73.00,24.00,51.50,36.50,12.00
2025-12-05 13:50:23,102.00,74.00,24.00,51.00,37.00,12.00
2025-12-05 13:51:17,101.00,75.00,24.00,50.50,37.50,12.00
2025-12-05 13:52:09,102.00,75.00,23.00,51.00,37.50,11.50
2025-12-05 13:53:00,102.00,75.00,23.00,51.00,37.50,11.50
2025-12-05 13:54:01,103.00,74.00,23.00,51.50,37.00,11.50
2025-12-05 13:54:52,103.00,74.00,23.00,51.50,37.00,11.50
2025-12-05 13:55:46,102.00,75.00,23.00,51.00,37.50,11.50
2025-12-05 13:56:37,101.00,77.00,22.00,50.50,38.50,11.00
2025-12-05 13:57:28,100.00,78.00,22.00,50.00,39.00,11.00
2025-12-05 13:58:21,100.00,78.00,22.00,50.00,39.00,11.00
2025-12-05 13:59:23,100.00,78.00,22.00,50.00,39.00,11.00
2025-12-05 14:00:15,100.00,78.00,22.00,50.00,39.00,11.00
2025-12-05 14:01:06,101.00,77.00,22.00,50.50,38.50,11.00
2025-12-05 14:02:00,101.00,76.00,23.00,50.50,38.00,11.50
2025-12-05 14:02:53,101.00,75.00,24.00,50.50,37.50,12.00
2025-12-05 14:03:48,101.00,75.00,24.00,50.50,37.50,12.00
2025-12-05 14:04:49,102.00,75.00,23.00,51.00,37.50,11.50
2025-12-05 14:05:44,101.00,76.00,23.00,50.50,38.00,11.50
2025-12-05 14:06:37,100.00,76.00,24.00,50.00,38.00,12.00
2025-12-05 14:07:29,102.00,74.00,24.00,51.00,37.00,12.00
2025-12-05 14:08:22,102.00,74.00,24.00,51.00,37.00,12.00
2025-12-05 14:11:42,100.00,77.00,23.00,50.00,38.50,11.50
2025-12-05 14:12:40,103.00,76.00,21.00,51.50,38.00,10.50
2025-12-05 14:13:13,102.00,77.00,21.00,51.00,38.50,10.50
2025-12-05 14:14:06,101.00,78.00,21.00,50.50,39.00,10.50
2025-12-05 14:14:57,100.00,79.00,21.00,50.00,39.50,10.50
2025-12-05 14:15:51,100.00,79.00,21.00,50.00,39.50,10.50
2025-12-05 14:16:37,100.00,79.00,21.00,50.00,39.50,10.50
2025-12-05 14:17:18,100.00,79.00,21.00,50.00,39.50,10.50
2025-12-05 14:18:36,99.00,81.00,20.00,49.50,40.50,10.00
2025-12-05 14:19:26,102.00,79.00,19.00,51.00,39.50,9.50
2025-12-05 14:20:08,103.00,78.00,19.00,51.50,39.00,9.50
2025-12-05 14:21:01,103.00,79.00,18.00,51.50,39.50,9.00
2025-12-05 14:21:52,102.00,80.00,18.00,51.00,40.00,9.00
2025-12-05 14:22:44,102.00,80.00,18.00,51.00,40.00,9.00
2025-12-05 14:23:36,103.00,81.00,16.00,51.50,40.50,8.00
2025-12-05 14:24:28,103.00,80.00,17.00,51.50,40.00,8.50
2025-12-05 14:25:21,104.00,79.00,17.00,52.00,39.50,8.50
2025-12-05 14:26:21,105.00,78.00,17.00,52.50,39.00,8.50
2025-12-05 14:27:13,105.00,78.00,17.00,52.50,39.00,8.50
2025-12-05 14:28:04,104.00,78.00,18.00,52.00,39.00,9.00
2025-12-05 14:28:56,107.00,76.00,17.00,53.50,38.00,8.50
2025-12-05 14:29:50,107.00,77.00,16.00,53.50,38.50,8.00
2025-12-05 14:30:45,107.00,77.00,16.00,53.50,38.50,8.00
2025-12-05 14:31:37,108.00,77.00,15.00,54.00,38.50,7.50
2025-12-05 14:32:30,107.00,77.00,16.00,53.50,38.50,8.00
2025-12-05 14:33:23,106.00,77.00,17.00,53.00,38.50,8.50
2025-12-05 14:34:19,105.00,78.00,17.00,52.50,39.00,8.50
2025-12-05 14:35:11,104.00,79.00,17.00,52.00,39.50,8.50
2025-12-05 14:36:03,104.00,79.00,17.00,52.00,39.50,8.50
2025-12-05 14:36:59,106.00,77.00,17.00,53.00,38.50,8.50
2025-12-05 14:37:51,106.00,77.00,17.00,53.00,38.50,8.50
2025-12-05 14:38:46,105.00,79.00,16.00,52.50,39.50,8.00
2025-12-05 14:39:45,105.00,80.00,15.00,52.50,40.00,7.50
2025-12-05 14:40:39,105.00,81.00,14.00,52.50,40.50,7.00
2025-12-05 14:41:35,104.00,82.00,14.00,52.00,41.00,7.00
2025-12-05 14:42:27,104.00,82.00,14.00,52.00,41.00,7.00
2025-12-05 14:43:19,103.00,82.00,15.00,51.50,41.00,7.50
2025-12-05 14:44:14,104.00,81.00,15.00,52.00,40.50,7.50
2025-12-05 14:45:09,103.00,82.00,15.00,51.50,41.00,7.50
2025-12-05 14:46:02,103.00,82.00,15.00,51.50,41.00,7.50
2025-12-05 14:46:55,103.00,83.00,14.00,51.50,41.50,7.00
2025-12-05 14:47:48,104.00,82.00,14.00,52.00,41.00,7.00
2025-12-05 14:48:41,103.00,82.00,15.00,51.50,41.00,7.50
2025-12-05 14:49:42,102.00,83.00,15.00,51.00,41.50,7.50
2025-12-05 14:50:40,102.00,83.00,15.00,51.00,41.50,7.50
2025-12-05 14:51:36,101.00,85.00,14.00,50.50,42.50,7.00
2025-12-05 14:52:27,102.00,84.00,14.00,51.00,42.00,7.00
2025-12-05 14:53:22,102.00,84.00,14.00,51.00,42.00,7.00
2025-12-05 14:54:15,102.00,84.00,14.00,51.00,42.00,7.00
2025-12-05 14:55:10,102.00,83.00,15.00,51.00,41.50,7.50
2025-12-05 14:56:03,102.00,83.00,15.00,51.00,41.50,7.50
2025-12-05 14:56:55,101.00,84.00,15.00,50.50,42.00,7.50
2025-12-05 14:57:52,100.00,85.00,15.00,50.00,42.50,7.50
2025-12-05 14:58:52,99.00,85.00,16.00,49.50,42.50,8.00
2025-12-05 14:59:47,97.00,87.00,16.00,48.50,43.50,8.00
2025-12-05 15:00:47,98.00,86.00,16.00,49.00,43.00,8.00
2025-12-05 15:01:38,97.00,88.00,15.00,48.50,44.00,7.50
2025-12-05 15:02:30,99.00,86.00,15.00,49.50,43.00,7.50
2025-12-05 15:03:23,99.00,85.00,16.00,49.50,42.50,8.00
2025-12-05 15:04:16,98.00,85.00,17.00,49.00,42.50,8.50
2025-12-05 15:05:11,98.00,84.00,18.00,49.00,42.00,9.00
2025-12-05 15:06:11,96.00,85.00,19.00,48.00,42.50,9.50
2025-12-05 15:07:02,96.00,85.00,19.00,48.00,42.50,9.50
2025-12-05 15:07:56,95.00,86.00,19.00,47.50,43.00,9.50
2025-12-05 15:08:48,94.00,87.00,19.00,47.00,43.50,9.50
2025-12-05 15:09:40,93.00,89.00,18.00,46.50,44.50,9.00
2025-12-05 15:10:32,95.00,87.00,18.00,47.50,43.50,9.00
2025-12-05 15:11:25,95.00,87.00,18.00,47.50,43.50,9.00
2025-12-05 15:12:18,95.00,87.00,18.00,47.50,43.50,9.00
2025-12-05 15:13:09,96.00,85.00,19.00,48.00,42.50,9.50
2025-12-05 15:14:02,96.00,85.00,19.00,48.00,42.50,9.50
2025-12-05 15:15:01,95.00,85.00,20.00,47.50,42.50,10.00
2025-12-05 15:15:53,94.00,86.00,20.00,47.00,43.00,10.00
2025-12-05 15:16:46,93.00,87.00,20.00,46.50,43.50,10.00
2025-12-05 15:17:37,93.00,87.00,20.00,46.50,43.50,10.00
2025-12-05 15:18:28,92.00,88.00,20.00,46.00,44.00,10.00
2025-12-05 15:19:22,92.00,88.00,20.00,46.00,44.00,10.00
2025-12-05 15:20:15,90.00,90.00,20.00,45.00,45.00,10.00
2025-12-05 15:21:07,90.00,90.00,20.00,45.00,45.00,10.00
2025-12-05 15:22:00,91.00,90.00,19.00,45.50,45.00,9.50
2025-12-05 15:22:56,91.00,90.00,19.00,45.50,45.00,9.50
2025-12-05 15:23:50,92.00,90.00,18.00,46.00,45.00,9.00
2025-12-05 15:24:49,93.00,90.00,17.00,46.50,45.00,8.50
2025-12-05 15:25:40,93.00,90.00,17.00,46.50,45.00,8.50
2025-12-05 15:26:33,93.00,89.00,18.00,46.50,44.50,9.00
2025-12-05 15:27:29,91.00,90.00,19.00,45.50,45.00,9.50
2025-12-05 15:28:24,91.00,90.00,19.00,45.50,45.00,9.50
2025-12-05 15:29:15,91.00,90.00,19.00,45.50,45.00,9.50
2025-12-05 15:30:12,91.00,90.00,19.00,45.50,45.00,9.50
2025-12-05 15:31:08,91.00,90.00,19.00,45.50,45.00,9.50
2025-12-05 15:32:03,92.00,89.00,19.00,46.00,44.50,9.50
2025-12-05 15:32:57,94.00,87.00,19.00,47.00,43.50,9.50
2025-12-05 15:33:50,93.00,87.00,20.00,46.50,43.50,10.00
2025-12-05 15:34:47,93.00,87.00,20.00,46.50,43.50,10.00
2025-12-05 15:35:44,92.00,88.00,20.00,46.00,44.00,10.00
2025-12-05 15:36:37,90.00,90.00,20.00,45.00,45.00,10.00
2025-12-05 15:37:31,92.00,88.00,20.00,46.00,44.00,10.00
2025-12-05 15:38:31,93.00,87.00,20.00,46.50,43.50,10.00
2025-12-05 15:39:22,93.00,88.00,19.00,46.50,44.00,9.50
2025-12-05 15:40:15,95.00,86.00,19.00,47.50,43.00,9.50
2025-12-05 15:41:07,94.00,86.00,20.00,47.00,43.00,10.00
2025-12-05 15:41:58,92.00,88.00,20.00,46.00,44.00,10.00
2025-12-05 15:42:51,91.00,89.00,20.00,45.50,44.50,10.00
2025-12-05 15:43:49,90.00,90.00,20.00,45.00,45.00,10.00
2025-12-05 15:44:43,90.00,89.00,21.00,45.00,44.50,10.50
2025-12-05 15:45:36,91.00,88.00,21.00,45.50,44.00,10.50
2025-12-05 15:46:31,90.00,88.00,22.00,45.00,44.00,11.00
2025-12-05 15:47:25,89.00,88.00,23.00,44.50,44.00,11.50
2025-12-05 15:48:24,89.00,88.00,23.00,44.50,44.00,11.50
2025-12-05 15:49:27,89.00,88.00,23.00,44.50,44.00,11.50
2025-12-05 15:50:20,89.00,88.00,23.00,44.50,44.00,11.50
2025-12-05 15:51:16,90.00,86.00,24.00,45.00,43.00,12.00
2025-12-05 15:52:08,91.00,86.00,23.00,45.50,43.00,11.50
2025-12-05 15:53:01,91.00,86.00,23.00,45.50,43.00,11.50
2025-12-05 15:53:53,90.00,87.00,23.00,45.00,43.50,11.50
2025-12-05 15:54:49,89.00,88.00,23.00,44.50,44.00,11.50
2025-12-05 15:55:44,88.00,89.00,23.00,44.00,44.50,11.50
2025-12-05 15:56:38,88.00,88.00,24.00,44.00,44.00,12.00
2025-12-05 15:57:39,87.00,90.00,23.00,43.50,45.00,11.50
2025-12-05 15:58:33,86.00,92.00,22.00,43.00,46.00,11.00
2025-12-05 15:59:31,86.00,92.00,22.00,43.00,46.00,11.00
2025-12-05 16:00:23,86.00,91.00,23.00,43.00,45.50,11.50
2025-12-05 16:01:17,86.00,92.00,22.00,43.00,46.00,11.00
2025-12-05 16:02:08,87.00,91.00,22.00,43.50,45.50,11.00
2025-12-05 16:03:06,89.00,89.00,22.00,44.50,44.50,11.00
2025-12-05 16:03:59,89.00,89.00,22.00,44.50,44.50,11.00
2025-12-05 16:04:50,92.00,86.00,22.00,46.00,43.00,11.00
2025-12-05 16:05:48,93.00,85.00,22.00,46.50,42.50,11.00
2025-12-05 16:06:38,93.00,86.00,21.00,46.50,43.00,10.50
2025-12-05 16:07:30,92.00,86.00,22.00,46.00,43.00,11.00
2025-12-05 16:08:22,92.00,85.00,23.00,46.00,42.50,11.50
2025-12-05 16:09:14,93.00,84.00,23.00,46.50,42.00,11.50
2025-12-05 16:10:07,94.00,83.00,23.00,47.00,41.50,11.50
2025-12-05 16:11:04,93.00,84.00,23.00,46.50,42.00,11.50
2025-12-05 16:11:57,94.00,84.00,22.00,47.00,42.00,11.00
2025-12-05 16:12:50,94.00,84.00,22.00,47.00,42.00,11.00
2025-12-05 16:13:46,94.00,84.00,22.00,47.00,42.00,11.00
2025-12-05 16:14:37,93.00,85.00,22.00,46.50,42.50,11.00
2025-12-05 16:15:29,94.00,84.00,22.00,47.00,42.00,11.00
2025-12-05 16:16:21,93.00,85.00,22.00,46.50,42.50,11.00
2025-12-05 16:17:14,93.00,85.00,22.00,46.50,42.50,11.00
2025-12-05 16:18:07,92.00,85.00,23.00,46.00,42.50,11.50
2025-12-05 16:19:00,93.00,85.00,22.00,46.50,42.50,11.00
2025-12-05 16:19:51,93.00,85.00,22.00,46.50,42.50,11.00
2025-12-05 16:20:49,94.00,84.00,22.00,47.00,42.00,11.00
2025-12-05 16:21:41,94.00,84.00,22.00,47.00,42.00,11.00
2025-12-05 16:22:36,96.00,82.00,22.00,48.00,41.00,11.00
2025-12-05 16:23:28,95.00,82.00,23.00,47.50,41.00,11.50
2025-12-05 16:24:23,95.00,82.00,23.00,47.50,41.00,11.50
2025-12-05 16:25:17,97.00,80.00,23.00,48.50,40.00,11.50
2025-12-05 16:26:11,96.00,81.00,23.00,48.00,40.50,11.50
2025-12-05 16:27:03,97.00,83.00,20.00,48.50,41.50,10.00
2025-12-05 16:27:55,98.00,82.00,20.00,49.00,41.00,10.00
2025-12-05 16:28:48,99.00,81.00,20.00,49.50,40.50,10.00
2025-12-05 16:29:41,99.00,80.00,21.00,49.50,40.00,10.50
2025-12-05 16:30:34,100.00,79.00,21.00,50.00,39.50,10.50
2025-12-05 16:31:29,100.00,79.00,21.00,50.00,39.50,10.50
2025-12-05 16:32:23,99.00,80.00,21.00,49.50,40.00,10.50
2025-12-05 16:33:15,98.00,80.00,22.00,49.00,40.00,11.00
2025-12-05 16:34:07,98.00,80.00,22.00,49.00,40.00,11.00
2025-12-05 16:35:00,99.00,79.00,22.00,49.50,39.50,11.00
2025-12-05 16:35:56,98.00,80.00,22.00,49.00,40.00,11.00
2025-12-05 16:36:50,99.00,79.00,22.00,49.50,39.50,11.00
2025-12-05 16:37:44,99.00,79.00,22.00,49.50,39.50,11.00
2025-12-05 16:38:36,98.00,80.00,22.00,49.00,40.00,11.00
2025-12-05 16:39:27,101.00,77.00,22.00,50.50,38.50,11.00
2025-12-05 16:40:24,104.00,74.00,22.00,52.00,37.00,11.00
2025-12-05 16:41:22,103.00,75.00,22.00,51.50,37.50,11.00
2025-12-05 16:42:13,103.00,75.00,22.00,51.50,37.50,11.00
2025-12-05 16:43:05,104.00,74.00,22.00,52.00,37.00,11.00
2025-12-05 16:43:58,104.00,74.00,22.00,52.00,37.00,11.00
2025-12-05 16:44:48,104.00,75.00,21.00,52.00,37.50,10.50
2025-12-05 16:45:42,106.00,74.00,20.00,53.00,37.00,10.00
2025-12-05 16:46:39,106.00,75.00,19.00,53.00,37.50,9.50
2025-12-05 16:47:38,106.00,75.00,19.00,53.00,37.50,9.50
2025-12-05 16:48:37,105.00,75.00,20.00,52.50,37.50,10.00
2025-12-05 16:49:37,105.00,75.00,20.00,52.50,37.50,10.00
2025-12-05 16:50:29,105.00,76.00,19.00,52.50,38.00,9.50
2025-12-05 16:51:20,106.00,75.00,19.00,53.00,37.50,9.50
2025-12-05 16:52:17,106.00,75.00,19.00,53.00,37.50,9.50
2025-12-05 16:53:11,105.00,76.00,19.00,52.50,38.00,9.50
2025-12-05 16:54:03,105.00,76.00,19.00,52.50,38.00,9.50
2025-12-05 16:55:03,104.00,77.00,19.00,52.00,38.50,9.50
2025-12-05 16:55:59,104.00,77.00,19.00,52.00,38.50,9.50
2025-12-05 16:56:51,107.00,75.00,18.00,53.50,37.50,9.00
2025-12-05 16:57:43,108.00,74.00,18.00,54.00,37.00,9.00
2025-12-05 16:58:36,108.00,73.00,19.00,54.00,36.50,9.50
2025-12-05 16:59:27,108.00,74.00,18.00,54.00,37.00,9.00
2025-12-05 17:00:18,108.00,75.00,17.00,54.00,37.50,8.50
2025-12-05 17:01:17,109.00,75.00,16.00,54.50,37.50,8.00
2025-12-05 17:02:13,108.00,76.00,16.00,54.00,38.00,8.00
2025-12-05 17:03:10,109.00,75.00,16.00,54.50,37.50,8.00
2025-12-05 17:04:03,109.00,75.00,16.00,54.50,37.50,8.00
2025-12-05 17:04:55,108.00,76.00,16.00,54.00,38.00,8.00
2025-12-05 17:05:46,108.00,76.00,16.00,54.00,38.00,8.00
2025-12-05 17:06:38,107.00,77.00,16.00,53.50,38.50,8.00
2025-12-05 17:07:30,108.00,76.00,16.00,54.00,38.00,8.00
2025-12-05 17:08:22,108.00,76.00,16.00,54.00,38.00,8.00
2025-12-05 17:09:17,107.00,77.00,16.00,53.50,38.50,8.00
2025-12-05 17:10:17,108.00,77.00,15.00,54.00,38.50,7.50
2025-12-05 17:11:09,108.00,77.00,15.00,54.00,38.50,7.50
2025-12-05 17:12:02,107.00,78.00,15.00,53.50,39.00,7.50
2025-12-05 17:12:55,107.00,78.00,15.00,53.50,39.00,7.50
2025-12-05 17:13:47,108.00,77.00,15.00,54.00,38.50,7.50
2025-12-05 17:14:39,109.00,75.00,16.00,54.50,37.50,8.00
2025-12-05 17:15:30,108.00,76.00,16.00,54.00,38.00,8.00
2025-12-05 17:16:27,108.00,75.00,17.00,54.00,37.50,8.50
2025-12-05 17:17:18,106.00,76.00,18.00,53.00,38.00,9.00
2025-12-05 17:18:09,106.00,76.00,18.00,53.00,38.00,9.00
2025-12-05 17:19:01,106.00,76.00,18.00,53.00,38.00,9.00
2025-12-05 17:19:53,105.00,77.00,18.00,52.50,38.50,9.00
2025-12-05 17:20:52,104.00,77.00,19.00,52.00,38.50,9.50
2025-12-05 17:21:44,104.00,76.00,20.00,52.00,38.00,10.00
2025-12-05 17:22:43,104.00,77.00,19.00,52.00,38.50,9.50
2025-12-05 17:23:35,106.00,76.00,18.00,53.00,38.00,9.00
2025-12-05 17:24:28,105.00,76.00,19.00,52.50,38.00,9.50
2025-12-05 17:25:20,105.00,75.00,20.00,52.50,37.50,10.00
2025-12-05 17:26:16,105.00,75.00,20.00,52.50,37.50,10.00
2025-12-05 17:27:12,104.00,76.00,20.00,52.00,38.00,10.00
2025-12-05 17:28:08,103.00,76.00,21.00,51.50,38.00,10.50
2025-12-05 17:28:59,102.00,76.00,22.00,51.00,38.00,11.00
2025-12-05 17:29:52,102.00,76.00,22.00,51.00,38.00,11.00
2025-12-05 17:30:45,102.00,75.00,23.00,51.00,37.50,11.50
2025-12-05 17:31:40,101.00,76.00,23.00,50.50,38.00,11.50
2025-12-05 17:32:32,101.00,76.00,23.00,50.50,38.00,11.50
2025-12-05 17:33:26,104.00,73.00,23.00,52.00,36.50,11.50
2025-12-05 17:34:17,104.00,74.00,22.00,52.00,37.00,11.00
2025-12-05 17:35:09,102.00,76.00,22.00,51.00,38.00,11.00
2025-12-05 17:36:02,102.00,76.00,22.00,51.00,38.00,11.00
2025-12-05 17:36:57,102.00,77.00,21.00,51.00,38.50,10.50
2025-12-05 17:37:51,102.00,77.00,21.00,51.00,38.50,10.50
2025-12-05 17:38:45,101.00,77.00,22.00,50.50,38.50,11.00
2025-12-05 17:39:37,101.00,78.00,21.00,50.50,39.00,10.50
2025-12-05 17:40:29,102.00,77.00,21.00,51.00,38.50,10.50
2025-12-05 17:41:21,100.00,78.00,22.00,50.00,39.00,11.00
2025-12-05 17:42:14,100.00,78.00,22.00,50.00,39.00,11.00
2025-12-05 17:43:09,102.00,76.00,22.00,51.00,38.00,11.00
2025-12-05 17:44:01,102.00,77.00,21.00,51.00,38.50,10.50
2025-12-05 17:44:54,100.00,79.00,21.00,50.00,39.50,10.50
2025-12-05 17:45:48,99.00,80.00,21.00,49.50,40.00,10.50
2025-12-05 17:46:42,100.00,80.00,20.00,50.00,40.00,10.00
2025-12-05 17:47:37,99.00,81.00,20.00,49.50,40.50,10.00
2025-12-05 17:48:28,99.00,81.00,20.00,49.50,40.50,10.00
2025-12-05 17:49:26,99.00,82.00,19.00,49.50,41.00,9.50
2025-12-05 17:50:20,100.00,81.00,19.00,50.00,40.50,9.50
2025-12-05 17:51:11,99.00,82.00,19.00,49.50,41.00,9.50
2025-12-05 17:52:07,98.00,82.00,20.00,49.00,41.00,10.00
2025-12-05 17:52:59,99.00,82.00,19.00,49.50,41.00,9.50
2025-12-05 17:53:57,100.00,81.00,19.00,50.00,40.50,9.50
2025-12-05 17:54:49,101.00,80.00,19.00,50.50,40.00,9.50
2025-12-05 17:55:40,101.00,80.00,19.00,50.50,40.00,9.50
2025-12-05 17:56:33,99.00,82.00,19.00,49.50,41.00,9.50
2025-12-05 17:57:28,98.00,83.00,19.00,49.00,41.50,9.50
2025-12-05 17:58:21,96.00,85.00,19.00,48.00,42.50,9.50
2025-12-05 17:59:15,97.00,84.00,19.00,48.50,42.00,9.50
2025-12-05 18:00:09,95.00,86.00,19.00,47.50,43.00,9.50
2025-12-05 18:01:03,96.00,85.00,19.00,48.00,42.50,9.50
2025-12-05 18:01:59,95.00,85.00,20.00,47.50,42.50,10.00
2025-12-05 18:02:59,95.00,85.00,20.00,47.50,42.50,10.00
2025-12-05 18:03:56,95.00,85.00,20.00,47.50,42.50,10.00
2025-12-05 18:04:55,94.00,86.00,20.00,47.00,43.00,10.00
2025-12-05 18:05:46,93.00,87.00,20.00,46.50,43.50,10.00
2025-12-05 18:06:41,91.00,89.00,20.00,45.50,44.50,10.00
2025-12-05 18:07:33,92.00,89.00,19.00,46.00,44.50,9.50
2025-12-05 18:08:26,93.00,87.00,20.00,46.50,43.50,10.00
2025-12-05 18:09:22,93.00,87.00,20.00,46.50,43.50,10.00
2025-12-05 18:10:14,94.00,86.00,20.00,47.00,43.00,10.00
2025-12-05 18:11:08,93.00,87.00,20.00,46.50,43.50,10.00
2025-12-05 18:12:01,94.00,86.00,20.00,47.00,43.00,10.00
2025-12-05 18:12:59,92.00,88.00,20.00,46.00,44.00,10.00
2025-12-05 18:13:51,92.00,87.00,21.00,46.00,43.50,10.50
2025-12-05 18:14:44,92.00,87.00,21.00,46.00,43.50,10.50
2025-12-05 18:15:36,92.00,87.00,21.00,46.00,43.50,10.50
2025-12-05 18:16:31,91.00,88.00,21.00,45.50,44.00,10.50
2025-12-05 18:17:27,89.00,90.00,21.00,44.50,45.00,10.50
2025-12-05 18:18:21,87.00,92.00,21.00,43.50,46.00,10.50
2025-12-05 18:19:13,86.00,92.00,22.00,43.00,46.00,11.00
2025-12-05 18:20:04,86.00,93.00,21.00,43.00,46.50,10.50
2025-12-05 18:20:57,87.00,92.00,21.00,43.50,46.00,10.50
2025-12-05 18:21:56,86.00,92.00,22.00,43.00,46.00,11.00
2025-12-05 18:22:46,86.00,92.00,22.00,43.00,46.00,11.00
2025-12-05 18:23:37,86.00,92.00,22.00,43.00,46.00,11.00
2025-12-05 18:24:27,84.00,93.00,23.00,42.00,46.50,11.50
2025-12-05 18:25:19,84.00,92.00,24.00,42.00,46.00,12.00
2025-12-05 18:26:17,83.00,94.00,23.00,41.50,47.00,11.50
2025-12-05 18:27:10,83.00,95.00,22.00,41.50,47.50,11.00
2025-12-05 18:28:04,83.00,95.00,22.00,41.50,47.50,11.00
2025-12-05 18:28:56,83.00,95.00,22.00,41.50,47.50,11.00
2025-12-05 18:29:49,83.00,95.00,22.00,41.50,47.50,11.00
2025-12-05 18:30:42,83.00,95.00,22.00,41.50,47.50,11.00
2025-12-05 18:31:40,83.00,94.00,23.00,41.50,47.00,11.50
2025-12-05 18:32:34,84.00,93.00,23.00,42.00,46.50,11.50
2025-12-05 18:34:50,85.00,91.00,24.00,42.50,45.50,12.00
2025-12-05 18:35:42,85.00,91.00,24.00,42.50,45.50,12.00
2025-12-05 18:36:39,84.00,93.00,23.00,42.00,46.50,11.50
2025-12-05 18:37:33,86.00,93.00,21.00,43.00,46.50,10.50
2025-12-05 18:38:27,87.00,92.00,21.00,43.50,46.00,10.50
2025-12-05 18:39:18,88.00,91.00,21.00,44.00,45.50,10.50
2025-12-05 18:40:10,88.00,91.00,21.00,44.00,45.50,10.50
2025-12-05 18:41:03,90.00,91.00,19.00,45.00,45.50,9.50
2025-12-05 18:41:57,91.00,90.00,19.00,45.50,45.00,9.50
2025-12-05 18:42:50,89.00,92.00,19.00,44.50,46.00,9.50
2025-12-05 18:43:40,89.00,93.00,18.00,44.50,46.50,9.00
2025-12-05 18:44:31,89.00,94.00,17.00,44.50,47.00,8.50
2025-12-05 18:45:29,89.00,94.00,17.00,44.50,47.00,8.50
2025-12-05 18:46:21,90.00,94.00,16.00,45.00,47.00,8.00
2025-12-05 18:47:19,90.00,95.00,15.00,45.00,47.50,7.50
2025-12-05 18:48:11,91.00,95.00,14.00,45.50,47.50,7.00
2025-12-05 18:49:04,92.00,94.00,14.00,46.00,47.00,7.00
2025-12-05 18:49:58,91.00,95.00,14.00,45.50,47.50,7.00
2025-12-05 18:50:51,90.00,96.00,14.00,45.00,48.00,7.00
2025-12-05 18:51:44,90.00,95.00,15.00,45.00,47.50,7.50
2025-12-05 18:52:42,90.00,95.00,15.00,45.00,47.50,7.50
2025-12-05 18:53:34,91.00,94.00,15.00,45.50,47.00,7.50
2025-12-05 18:54:32,92.00,93.00,15.00,46.00,46.50,7.50
2025-12-05 18:55:32,92.00,93.00,15.00,46.00,46.50,7.50
2025-12-05 18:56:26,92.00,94.00,14.00,46.00,47.00,7.00
2025-12-05 18:57:21,91.00,95.00,14.00,45.50,47.50,7.00
2025-12-05 18:58:18,92.00,94.00,14.00,46.00,47.00,7.00
2025-12-05 18:59:12,91.00,94.00,15.00,45.50,47.00,7.50
2025-12-05 19:00:10,92.00,94.00,14.00,46.00,47.00,7.00
2025-12-05 19:01:02,91.00,95.00,14.00,45.50,47.50,7.00
2025-12-05 19:01:56,90.00,95.00,15.00,45.00,47.50,7.50
2025-12-05 19:02:49,89.00,96.00,15.00,44.50,48.00,7.50
2025-12-05 19:03:44,90.00,95.00,15.00,45.00,47.50,7.50
2025-12-05 19:04:37,90.00,95.00,15.00,45.00,47.50,7.50
2025-12-05 19:05:28,90.00,95.00,15.00,45.00,47.50,7.50
2025-12-05 19:06:19,89.00,96.00,15.00,44.50,48.00,7.50
2025-12-05 19:07:15,89.00,96.00,15.00,44.50,48.00,7.50
2025-12-05 19:08:05,91.00,95.00,14.00,45.50,47.50,7.00
2025-12-05 19:08:56,91.00,95.00,14.00,45.50,47.50,7.00
2025-12-05 19:09:50,90.00,95.00,15.00,45.00,47.50,7.50
2025-12-05 19:10:45,89.00,95.00,16.00,44.50,47.50,8.00
2025-12-05 19:11:37,91.00,94.00,15.00,45.50,47.00,7.50
2025-12-05 19:12:38,91.00,93.00,16.00,45.50,46.50,8.00
2025-12-05 19:13:38,92.00,92.00,16.00,46.00,46.00,8.00
2025-12-05 19:14:33,91.00,91.00,18.00,45.50,45.50,9.00
2025-12-05 19:15:24,90.00,92.00,18.00,45.00,46.00,9.00
2025-12-05 19:16:18,91.00,91.00,18.00,45.50,45.50,9.00
2025-12-05 19:17:08,92.00,90.00,18.00,46.00,45.00,9.00
2025-12-05 19:18:00,93.00,89.00,18.00,46.50,44.50,9.00
2025-12-05 19:18:50,95.00,86.00,19.00,47.50,43.00,9.50
2025-12-05 19:19:43,94.00,87.00,19.00,47.00,43.50,9.50
2025-12-05 19:20:35,93.00,89.00,18.00,46.50,44.50,9.00
2025-12-05 19:21:27,92.00,90.00,18.00,46.00,45.00,9.00
2025-12-05 19:22:22,93.00,89.00,18.00,46.50,44.50,9.00
2025-12-05 19:23:15,95.00,87.00,18.00,47.50,43.50,9.00
2025-12-05 19:24:07,95.00,87.00,18.00,47.50,43.50,9.00
2025-12-05 19:25:00,95.00,86.00,19.00,47.50,43.00,9.50
2025-12-05 19:25:53,97.00,85.00,18.00,48.50,42.50,9.00
2025-12-05 19:26:45,97.00,85.00,18.00,48.50,42.50,9.00
2025-12-05 19:27:36,96.00,86.00,18.00,48.00,43.00,9.00
2025-12-05 19:28:28,97.00,85.00,18.00,48.50,42.50,9.00
2025-12-05 19:29:23,97.00,85.00,18.00,48.50,42.50,9.00
2025-12-05 19:30:13,97.00,85.00,18.00,48.50,42.50,9.00
2025-12-05 19:31:06,96.00,86.00,18.00,48.00,43.00,9.00
2025-12-05 19:31:58,98.00,84.00,18.00,49.00,42.00,9.00
2025-12-05 19:32:50,98.00,83.00,19.00,49.00,41.50,9.50
2025-12-05 19:33:43,97.00,84.00,19.00,48.50,42.00,9.50
2025-12-05 19:34:43,98.00,83.00,19.00,49.00,41.50,9.50
2025-12-05 19:35:35,99.00,82.00,19.00,49.50,41.00,9.50
2025-12-05 19:36:28,101.00,81.00,18.00,50.50,40.50,9.00
2025-12-05 19:37:19,101.00,81.00,18.00,50.50,40.50,9.00
2025-12-05 19:38:12,101.00,80.00,19.00,50.50,40.00,9.50
2025-12-05 19:39:05,102.00,79.00,19.00,51.00,39.50,9.50
2025-12-05 19:39:58,104.00,78.00,18.00,52.00,39.00,9.00
2025-12-05 19:40:52,105.00,78.00,17.00,52.50,39.00,8.50
2025-12-05 19:41:45,106.00,77.00,17.00,53.00,38.50,8.50
2025-12-05 19:42:37,104.00,79.00,17.00,52.00,39.50,8.50
2025-12-05 19:43:30,104.00,79.00,17.00,52.00,39.50,8.50
2025-12-05 19:44:23,104.00,79.00,17.00,52.00,39.50,8.50
2025-12-05 19:45:15,103.00,79.00,18.00,51.50,39.50,9.00
2025-12-05 19:46:09,101.00,81.00,18.00,50.50,40.50,9.00
2025-12-05 19:47:06,103.00,80.00,17.00,51.50,40.00,8.50
2025-12-05 19:48:02,103.00,80.00,17.00,51.50,40.00,8.50
2025-12-05 19:48:54,103.00,80.00,17.00,51.50,40.00,8.50
2025-12-05 19:49:47,102.00,81.00,17.00,51.00,40.50,8.50
2025-12-05 19:50:40,102.00,81.00,17.00,51.00,40.50,8.50
2025-12-05 19:51:33,101.00,83.00,16.00,50.50,41.50,8.00
2025-12-05 19:52:26,101.00,83.00,16.00,50.50,41.50,8.00
2025-12-05 19:53:18,103.00,81.00,16.00,51.50,40.50,8.00
2025-12-05 19:54:12,104.00,80.00,16.00,52.00,40.00,8.00
2025-12-05 19:55:05,103.00,80.00,17.00,51.50,40.00,8.50
2025-12-05 19:56:02,105.00,78.00,17.00,52.50,39.00,8.50
2025-12-05 19:56:57,103.00,80.00,17.00,51.50,40.00,8.50
2025-12-05 19:57:54,101.00,82.00,17.00,50.50,41.00,8.50
2025-12-05 19:58:47,102.00,81.00,17.00,51.00,40.50,8.50
2025-12-05 19:59:37,101.00,81.00,18.00,50.50,40.50,9.00
2025-12-05 20:00:31,101.00,81.00,18.00,50.50,40.50,9.00
2025-12-05 20:01:23,101.00,80.00,19.00,50.50,40.00,9.50
2025-12-05 20:02:17,102.00,79.00,19.00,51.00,39.50,9.50
2025-12-05 20:03:12,101.00,80.00,19.00,50.50,40.00,9.50
2025-12-05 20:04:10,102.00,79.00,19.00,51.00,39.50,9.50
2025-12-05 20:05:04,103.00,78.00,19.00,51.50,39.00,9.50
2025-12-05 20:05:56,100.00,81.00,19.00,50.00,40.50,9.50
2025-12-05 20:06:50,102.00,79.00,19.00,51.00,39.50,9.50
2025-12-05 20:07:43,102.00,79.00,19.00,51.00,39.50,9.50
2025-12-05 20:08:36,102.00,79.00,19.00,51.00,39.50,9.50
2025-12-05 20:09:28,101.00,80.00,19.00,50.50,40.00,9.50
2025-12-05 20:10:22,103.00,78.00,19.00,51.50,39.00,9.50
2025-12-05 20:11:18,103.00,78.00,19.00,51.50,39.00,9.50
2025-12-05 20:12:12,103.00,78.00,19.00,51.50,39.00,9.50
2025-12-05 20:13:04,102.00,79.00,19.00,51.00,39.50,9.50
2025-12-05 20:13:56,102.00,78.00,20.00,51.00,39.00,10.00
2025-12-05 20:14:47,101.00,80.00,19.00,50.50,40.00,9.50
2025-12-05 20:15:46,100.00,81.00,19.00,50.00,40.50,9.50
2025-12-05 20:16:41,102.00,79.00,19.00,51.00,39.50,9.50
2025-12-05 20:17:34,103.00,79.00,18.00,51.50,39.50,9.00
2025-12-05 20:18:25,101.00,81.00,18.00,50.50,40.50,9.00
2025-12-05 20:19:18,101.00,81.00,18.00,50.50,40.50,9.00
2025-12-05 20:20:14,101.00,81.00,18.00,50.50,40.50,9.00
2025-12-05 20:21:08,101.00,80.00,19.00,50.50,40.00,9.50
2025-12-05 20:22:07,100.00,81.00,19.00,50.00,40.50,9.50
2025-12-05 20:23:04,101.00,80.00,19.00,50.50,40.00,9.50
2025-12-05 20:23:57,102.00,79.00,19.00,51.00,39.50,9.50
2025-12-05 20:24:49,101.00,80.00,19.00,50.50,40.00,9.50
2025-12-05 20:25:47,101.00,81.00,18.00,50.50,40.50,9.00
2025-12-05 20:26:42,101.00,81.00,18.00,50.50,40.50,9.00
2025-12-05 20:27:34,100.00,81.00,19.00,50.00,40.50,9.50
2025-12-05 20:28:28,98.00,83.00,19.00,49.00,41.50,9.50
2025-12-05 20:29:22,97.00,85.00,18.00,48.50,42.50,9.00
2025-12-05 20:30:18,97.00,85.00,18.00,48.50,42.50,9.00
2025-12-05 20:31:10,98.00,85.00,17.00,49.00,42.50,8.50
2025-12-05 20:32:06,97.00,85.00,18.00,48.50,42.50,9.00
2025-12-05 20:33:02,97.00,84.00,19.00,48.50,42.00,9.50
2025-12-05 20:34:03,97.00,84.00,19.00,48.50,42.00,9.50
2025-12-05 20:34:55,98.00,83.00,19.00,49.00,41.50,9.50
2025-12-05 20:35:47,98.00,84.00,18.00,49.00,42.00,9.00
2025-12-05 20:36:40,97.00,85.00,18.00,48.50,42.50,9.00
2025-12-05 20:37:30,98.00,84.00,18.00,49.00,42.00,9.00
2025-12-05 20:38:24,99.00,83.00,18.00,49.50,41.50,9.00
2025-12-05 20:39:24,99.00,83.00,18.00,49.50,41.50,9.00
2025-12-05 20:40:15,98.00,84.00,18.00,49.00,42.00,9.00
2025-12-05 20:41:07,99.00,83.00,18.00,49.50,41.50,9.00
2025-12-05 20:42:01,101.00,82.00,17.00,50.50,41.00,8.50
2025-12-05 20:42:51,100.00,83.00,17.00,50.00,41.50,8.50
2025-12-05 20:43:43,100.00,83.00,17.00,50.00,41.50,8.50
2025-12-05 20:44:36,100.00,83.00,17.00,50.00,41.50,8.50
2025-12-05 20:45:29,100.00,83.00,17.00,50.00,41.50,8.50
2025-12-05 20:46:21,99.00,84.00,17.00,49.50,42.00,8.50
2025-12-05 20:47:14,102.00,82.00,16.00,51.00,41.00,8.00
2025-12-05 20:48:07,101.00,83.00,16.00,50.50,41.50,8.00
2025-12-05 20:49:03,103.00,82.00,15.00,51.50,41.00,7.50
2025-12-05 20:49:56,104.00,81.00,15.00,52.00,40.50,7.50
2025-12-05 20:50:48,104.00,81.00,15.00,52.00,40.50,7.50
2025-12-05 20:51:41,104.00,80.00,16.00,52.00,40.00,8.00
2025-12-05 20:52:32,103.00,81.00,16.00,51.50,40.50,8.00
2025-12-05 20:53:23,102.00,83.00,15.00,51.00,41.50,7.50
2025-12-05 20:54:14,101.00,83.00,16.00,50.50,41.50,8.00
2025-12-05 20:55:07,100.00,84.00,16.00,50.00,42.00,8.00
2025-12-05 20:55:57,99.00,85.00,16.00,49.50,42.50,8.00
2025-12-05 20:56:52,100.00,84.00,16.00,50.00,42.00,8.00
2025-12-05 20:57:43,99.00,84.00,17.00,49.50,42.00,8.50
2025-12-05 20:58:37,101.00,82.00,17.00,50.50,41.00,8.50
2025-12-05 20:59:28,100.00,83.00,17.00,50.00,41.50,8.50
2025-12-05 21:00:19,101.00,82.00,17.00,50.50,41.00,8.50
2025-12-05 21:01:14,102.00,82.00,16.00,51.00,41.00,8.00
2025-12-05 21:02:08,102.00,82.00,16.00,51.00,41.00,8.00
2025-12-05 21:02:59,100.00,84.00,16.00,50.00,42.00,8.00
2025-12-05 21:03:52,100.00,84.00,16.00,50.00,42.00,8.00
2025-12-05 21:04:46,100.00,83.00,17.00,50.00,41.50,8.50
2025-12-05 21:05:40,101.00,82.00,17.00,50.50,41.00,8.50
2025-12-05 21:06:33,102.00,82.00,16.00,51.00,41.00,8.00
2025-12-05 21:07:30,104.00,80.00,16.00,52.00,40.00,8.00
2025-12-05 21:08:22,103.00,81.00,16.00,51.50,40.50,8.00
2025-12-05 21:09:14,102.00,82.00,16.00,51.00,41.00,8.00
2025-12-05 21:10:06,101.00,82.00,17.00,50.50,41.00,8.50
2025-12-05 21:11:01,101.00,82.00,17.00,50.50,41.00,8.50
2025-12-05 21:11:53,102.00,82.00,16.00,51.00,41.00,8.00
2025-12-05 21:12:45,102.00,81.00,17.00,51.00,40.50,8.50
2025-12-05 21:13:44,104.00,79.00,17.00,52.00,39.50,8.50
2025-12-05 21:14:38,104.00,80.00,16.00,52.00,40.00,8.00
2025-12-05 21:15:29,105.00,79.00,16.00,52.50,39.50,8.00
2025-12-05 21:16:21,107.00,78.00,15.00,53.50,39.00,7.50
2025-12-05 21:17:15,108.00,77.00,15.00,54.00,38.50,7.50
2025-12-05 21:18:07,106.00,79.00,15.00,53.00,39.50,7.50
2025-12-05 21:19:03,106.00,79.00,15.00,53.00,39.50,7.50
2025-12-05 21:19:53,106.00,79.00,15.00,53.00,39.50,7.50
2025-12-05 21:20:47,107.00,77.00,16.00,53.50,38.50,8.00
2025-12-05 21:21:41,107.00,77.00,16.00,53.50,38.50,8.00
2025-12-05 21:22:35,107.00,77.00,16.00,53.50,38.50,8.00
2025-12-05 21:23:27,107.00,78.00,15.00,53.50,39.00,7.50
2025-12-05 21:24:19,107.00,78.00,15.00,53.50,39.00,7.50
2025-12-05 21:25:12,106.00,78.00,16.00,53.00,39.00,8.00
2025-12-05 21:26:03,106.00,77.00,17.00,53.00,38.50,8.50
2025-12-05 21:26:56,105.00,77.00,18.00,52.50,38.50,9.00
2025-12-05 21:27:47,107.00,75.00,18.00,53.50,37.50,9.00
2025-12-05 21:28:40,105.00,77.00,18.00,52.50,38.50,9.00
2025-12-05 21:29:33,105.00,76.00,19.00,52.50,38.00,9.50
2025-12-05 21:30:25,107.00,75.00,18.00,53.50,37.50,9.00
2025-12-05 21:31:15,107.00,75.00,18.00,53.50,37.50,9.00
2025-12-05 21:32:09,107.00,75.00,18.00,53.50,37.50,9.00
2025-12-05 21:33:00,107.00,74.00,19.00,53.50,37.00,9.50
2025-12-05 21:33:56,106.00,74.00,20.00,53.00,37.00,10.00
2025-12-05 21:34:49,106.00,74.00,20.00,53.00,37.00,10.00
2025-12-05 21:35:42,108.00,72.00,20.00,54.00,36.00,10.00
2025-12-05 21:36:35,108.00,72.00,20.00,54.00,36.00,10.00
2025-12-05 21:37:28,108.00,73.00,19.00,54.00,36.50,9.50
2025-12-05 21:38:20,107.00,74.00,19.00,53.50,37.00,9.50
2025-12-05 21:39:12,109.00,72.00,19.00,54.50,36.00,9.50
2025-12-05 21:40:05,109.00,72.00,19.00,54.50,36.00,9.50
2025-12-05 21:40:56,108.00,73.00,19.00,54.00,36.50,9.50
2025-12-05 21:41:51,109.00,72.00,19.00,54.50,36.00,9.50
2025-12-05 21:42:44,110.00,72.00,18.00,55.00,36.00,9.00
2025-12-05 21:43:42,111.00,72.00,17.00,55.50,36.00,8.50
2025-12-05 21:44:36,112.00,71.00,17.00,56.00,35.50,8.50
2025-12-05 21:45:27,112.00,71.00,17.00,56.00,35.50,8.50
2025-12-05 21:46:19,111.00,72.00,17.00,55.50,36.00,8.50
2025-12-05 21:47:59,113.00,72.00,15.00,56.50,36.00,7.50
2025-12-05 21:48:52,113.00,72.00,15.00,56.50,36.00,7.50
2025-12-05 21:49:44,112.00,72.00,16.00,56.00,36.00,8.00
2025-12-05 21:50:38,111.00,73.00,16.00,55.50,36.50,8.00
2025-12-05 21:51:31,110.00,74.00,16.00,55.00,37.00,8.00
2025-12-05 21:52:24,111.00,73.00,16.00,55.50,36.50,8.00
2025-12-05 21:53:18,111.00,73.00,16.00,55.50,36.50,8.00
2025-12-05 21:54:11,111.00,73.00,16.00,55.50,36.50,8.00
2025-12-05 21:55:03,110.00,74.00,16.00,55.00,37.00,8.00
2025-12-05 21:55:55,110.00,74.00,16.00,55.00,37.00,8.00
2025-12-05 21:56:47,109.00,75.00,16.00,54.50,37.50,8.00
2025-12-05 21:57:40,108.00,75.00,17.00,54.00,37.50,8.50
2025-12-05 21:58:31,108.00,75.00,17.00,54.00,37.50,8.50
2025-12-05 21:59:21,107.00,76.00,17.00,53.50,38.00,8.50
2025-12-05 22:00:13,107.00,76.00,17.00,53.50,38.00,8.50
2025-12-05 22:01:06,107.00,75.00,18.00,53.50,37.50,9.00
2025-12-05 22:02:00,105.00,77.00,18.00,52.50,38.50,9.00
2025-12-05 22:02:58,106.00,76.00,18.00,53.00,38.00,9.00
2025-12-05 22:03:52,107.00,75.00,18.00,53.50,37.50,9.00
2025-12-05 22:04:46,106.00,76.00,18.00,53.00,38.00,9.00
2025-12-05 22:05:39,107.00,75.00,18.00,53.50,37.50,9.00
2025-12-05 22:06:32,106.00,75.00,19.00,53.00,37.50,9.50
2025-12-05 22:07:22,106.00,75.00,19.00,53.00,37.50,9.50
2025-12-05 22:08:15,106.00,75.00,19.00,53.00,37.50,9.50
2025-12-05 22:09:13,106.00,75.00,19.00,53.00,37.50,9.50
2025-12-05 22:10:06,106.00,75.00,19.00,53.00,37.50,9.50
2025-12-05 22:10:58,108.00,73.00,19.00,54.00,36.50,9.50
2025-12-05 22:11:48,108.00,73.00,19.00,54.00,36.50,9.50
2025-12-05 22:12:40,109.00,73.00,18.00,54.50,36.50,9.00
2025-12-05 22:13:32,109.00,73.00,18.00,54.50,36.50,9.00
2025-12-05 22:14:24,108.00,74.00,18.00,54.00,37.00,9.00
2025-12-05 22:15:17,107.00,74.00,19.00,53.50,37.00,9.50
2025-12-05 22:16:08,107.00,75.00,18.00,53.50,37.50,9.00
2025-12-05 22:16:58,106.00,76.00,18.00,53.00,38.00,9.00
2025-12-05 22:17:51,105.00,76.00,19.00,52.50,38.00,9.50
2025-12-05 22:18:41,105.00,76.00,19.00,52.50,38.00,9.50
2025-12-05 22:19:33,105.00,76.00,19.00,52.50,38.00,9.50
2025-12-05 22:20:23,108.00,73.00,19.00,54.00,36.50,9.50
2025-12-05 22:21:14,110.00,71.00,19.00,55.00,35.50,9.50
2025-12-05 22:22:06,109.00,73.00,18.00,54.50,36.50,9.00
2025-12-05 22:23:02,108.00,74.00,18.00,54.00,37.00,9.00
2025-12-05 22:24:00,107.00,75.00,18.00,53.50,37.50,9.00
2025-12-05 22:25:04,107.00,75.00,18.00,53.50,37.50,9.00
2025-12-05 22:25:57,106.00,76.00,18.00,53.00,38.00,9.00
2025-12-05 22:26:49,105.00,77.00,18.00,52.50,38.50,9.00
2025-12-05 22:27:43,104.00,77.00,19.00,52.00,38.50,9.50
2025-12-05 22:28:35,104.00,78.00,18.00,52.00,39.00,9.00
2025-12-05 22:29:29,102.00,80.00,18.00,51.00,40.00,9.00
2025-12-05 22:30:24,103.00,80.00,17.00,51.50,40.00,8.50
2025-12-05 22:31:22,103.00,80.00,17.00,51.50,40.00,8.50
2025-12-05 22:32:21,103.00,80.00,17.00,51.50,40.00,8.50
2025-12-05 22:33:14,102.00,81.00,17.00,51.00,40.50,8.50
2025-12-05 22:34:11,101.00,81.00,18.00,50.50,40.50,9.00
2025-12-05 22:35:05,100.00,82.00,18.00,50.00,41.00,9.00
2025-12-05 22:36:05,99.00,83.00,18.00,49.50,41.50,9.00
2025-12-05 22:36:59,99.00,83.00,18.00,49.50,41.50,9.00
2025-12-05 22:37:55,97.00,85.00,18.00,48.50,42.50,9.00
2025-12-05 22:38:52,99.00,84.00,17.00,49.50,42.00,8.50
2025-12-05 22:39:45,100.00,83.00,17.00,50.00,41.50,8.50
2025-12-05 22:40:41,100.00,83.00,17.00,50.00,41.50,8.50
2025-12-05 22:41:34,102.00,81.00,17.00,51.00,40.50,8.50
2025-12-05 22:42:29,103.00,81.00,16.00,51.50,40.50,8.00
2025-12-05 22:43:25,103.00,82.00,15.00,51.50,41.00,7.50
2025-12-05 22:44:27,103.00,83.00,14.00,51.50,41.50,7.00
2025-12-05 22:45:24,102.00,84.00,14.00,51.00,42.00,7.00
2025-12-05 22:46:19,102.00,82.00,16.00,51.00,41.00,8.00
2025-12-05 22:47:20,102.00,83.00,15.00,51.00,41.50,7.50
2025-12-05 22:48:21,103.00,82.00,15.00,51.50,41.00,7.50
2025-12-05 22:49:22,103.00,83.00,14.00,51.50,41.50,7.00
2025-12-05 22:50:22,102.00,84.00,14.00,51.00,42.00,7.00
2025-12-05 22:51:23,104.00,82.00,14.00,52.00,41.00,7.00
2025-12-05 22:52:26,103.00,82.00,15.00,51.50,41.00,7.50
2025-12-05 22:53:23,103.00,81.00,16.00,51.50,40.50,8.00
2025-12-05 22:54:20,104.00,80.00,16.00,52.00,40.00,8.00
2025-12-05 22:55:16,105.00,79.00,16.00,52.50,39.50,8.00
2025-12-05 22:56:18,105.00,79.00,16.00,52.50,39.50,8.00
2025-12-05 22:57:13,107.00,77.00,16.00,53.50,38.50,8.00
2025-12-05 22:58:15,107.00,77.00,16.00,53.50,38.50,8.00
2025-12-05 22:59:14,107.00,77.00,16.00,53.50,38.50,8.00
2025-12-05 23:00:10,106.00,78.00,16.00,53.00,39.00,8.00
2025-12-05 23:01:13,106.00,79.00,15.00,53.00,39.50,7.50
2025-12-05 23:02:08,107.00,78.00,15.00,53.50,39.00,7.50
2025-12-05 23:03:03,107.00,79.00,14.00,53.50,39.50,7.00
2025-12-05 23:04:05,107.00,79.00,14.00,53.50,39.50,7.00
2025-12-05 23:05:01,108.00,78.00,14.00,54.00,39.00,7.00
2025-12-05 23:06:02,109.00,77.00,14.00,54.50,38.50,7.00
2025-12-05 23:06:56,108.00,77.00,15.00,54.00,38.50,7.50
2025-12-05 23:07:50,108.00,77.00,15.00,54.00,38.50,7.50
2025-12-05 23:08:45,107.00,78.00,15.00,53.50,39.00,7.50
2025-12-05 23:09:40,106.00,78.00,16.00,53.00,39.00,8.00
2025-12-05 23:10:43,105.00,79.00,16.00,52.50,39.50,8.00
2025-12-05 23:11:45,104.00,80.00,16.00,52.00,40.00,8.00
2025-12-05 23:12:47,103.00,81.00,16.00,51.50,40.50,8.00
2025-12-05 23:13:42,104.00,81.00,15.00,52.00,40.50,7.50
2025-12-05 23:14:37,104.00,81.00,15.00,52.00,40.50,7.50
2025-12-05 23:15:32,105.00,81.00,14.00,52.50,40.50,7.00
2025-12-05 23:16:28,105.00,80.00,15.00,52.50,40.00,7.50
2025-12-05 23:17:22,106.00,79.00,15.00,53.00,39.50,7.50
2025-12-05 23:18:15,104.00,80.00,16.00,52.00,40.00,8.00
2025-12-05 23:19:10,105.00,79.00,16.00,52.50,39.50,8.00
2025-12-05 23:20:05,105.00,79.00,16.00,52.50,39.50,8.00
2025-12-05 23:21:00,106.00,79.00,15.00,53.00,39.50,7.50
2025-12-05 23:21:57,105.00,79.00,16.00,52.50,39.50,8.00
2025-12-05 23:22:53,104.00,80.00,16.00,52.00,40.00,8.00
2025-12-05 23:23:48,105.00,80.00,15.00,52.50,40.00,7.50
2025-12-05 23:24:42,103.00,82.00,15.00,51.50,41.00,7.50
2025-12-05 23:25:37,104.00,81.00,15.00,52.00,40.50,7.50
2025-12-05 23:26:38,104.00,82.00,14.00,52.00,41.00,7.00
2025-12-05 23:27:33,105.00,81.00,14.00,52.50,40.50,7.00
2025-12-05 23:28:28,105.00,81.00,14.00,52.50,40.50,7.00
2025-12-05 23:29:22,105.00,82.00,13.00,52.50,41.00,6.50
2025-12-05 23:30:17,105.00,81.00,14.00,52.50,40.50,7.00
2025-12-05 23:31:21,107.00,80.00,13.00,53.50,40.00,6.50
2025-12-05 23:32:24,109.00,78.00,13.00,54.50,39.00,6.50
2025-12-05 23:33:28,107.00,80.00,13.00,53.50,40.00,6.50
2025-12-05 23:34:22,106.00,81.00,13.00,53.00,40.50,6.50
2025-12-05 23:35:14,108.00,79.00,13.00,54.00,39.50,6.50
2025-12-05 23:36:06,109.00,77.00,14.00,54.50,38.50,7.00
2025-12-05 23:36:58,108.00,78.00,14.00,54.00,39.00,7.00
2025-12-05 23:37:51,111.00,75.00,14.00,55.50,37.50,7.00
2025-12-05 23:38:49,112.00,74.00,14.00,56.00,37.00,7.00
2025-12-05 23:39:41,112.00,75.00,13.00,56.00,37.50,6.50
2025-12-05 23:40:34,114.00,73.00,13.00,57.00,36.50,6.50
2025-12-05 23:41:26,113.00,74.00,13.00,56.50,37.00,6.50
2025-12-05 23:42:18,111.00,76.00,13.00,55.50,38.00,6.50
2025-12-05 23:43:12,111.00,76.00,13.00,55.50,38.00,6.50
2025-12-05 23:44:05,112.00,74.00,14.00,56.00,37.00,7.00
2025-12-05 23:45:04,112.00,74.00,14.00,56.00,37.00,7.00
2025-12-05 23:45:56,112.00,74.00,14.00,56.00,37.00,7.00
2025-12-05 23:46:49,113.00,73.00,14.00,56.50,36.50,7.00
2025-12-05 23:47:46,114.00,72.00,14.00,57.00,36.00,7.00
2025-12-05 23:48:39,114.00,72.00,14.00,57.00,36.00,7.00
2025-12-05 23:49:33,114.00,71.00,15.00,57.00,35.50,7.50
2025-12-05 23:50:25,115.00,70.00,15.00,57.50,35.00,7.50
2025-12-05 23:51:24,114.00,71.00,15.00,57.00,35.50,7.50
2025-12-05 23:52:17,114.00,71.00,15.00,57.00,35.50,7.50
2025-12-05 23:53:11,112.00,72.00,16.00,56.00,36.00,8.00
2025-12-05 23:54:09,112.00,72.00,16.00,56.00,36.00,8.00
2025-12-05 23:55:02,111.00,73.00,16.00,55.50,36.50,8.00
2025-12-05 23:55:53,110.00,74.00,16.00,55.00,37.00,8.00
2025-12-05 23:56:47,108.00,76.00,16.00,54.00,38.00,8.00
2025-12-05 23:57:41,107.00,77.00,16.00,53.50,38.50,8.00
2025-12-05 23:58:33,107.00,77.00,16.00,53.50,38.50,8.00
2025-12-05 23:59:25,106.00,77.00,17.00,53.00,38.50,8.50
2025-12-06 00:00:17,105.00,77.00,18.00,52.50,38.50,9.00
2025-12-06 00:01:10,105.00,77.00,18.00,52.50,38.50,9.00
2025-12-06 00:02:02,103.00,78.00,19.00,51.50,39.00,9.50
2025-12-06 00:02:55,103.00,78.00,19.00,51.50,39.00,9.50
2025-12-06 00:03:48,104.00,78.00,18.00,52.00,39.00,9.00
2025-12-06 00:04:40,104.00,78.00,18.00,52.00,39.00,9.00
2025-12-06 00:05:33,104.00,78.00,18.00,52.00,39.00,9.00
2025-12-06 00:06:23,105.00,78.00,17.00,52.50,39.00,8.50
2025-12-06 00:07:15,105.00,78.00,17.00,52.50,39.00,8.50
2025-12-06 00:08:10,105.00,79.00,16.00,52.50,39.50,8.00
2025-12-06 00:09:00,106.00,79.00,15.00,53.00,39.50,7.50
2025-12-06 00:09:52,105.00,80.00,15.00,52.50,40.00,7.50
2025-12-06 00:10:45,105.00,79.00,16.00,52.50,39.50,8.00
2025-12-06 00:11:38,105.00,79.00,16.00,52.50,39.50,8.00
2025-12-06 00:12:29,104.00,80.00,16.00,52.00,40.00,8.00
2025-12-06 00:13:21,104.00,80.00,16.00,52.00,40.00,8.00
2025-12-06 00:14:13,102.00,82.00,16.00,51.00,41.00,8.00
2025-12-06 00:15:04,101.00,82.00,17.00,50.50,41.00,8.50
2025-12-06 00:15:55,100.00,83.00,17.00,50.00,41.50,8.50
2025-12-06 00:16:46,101.00,82.00,17.00,50.50,41.00,8.50
2025-12-06 00:17:38,100.00,82.00,18.00,50.00,41.00,9.00
2025-12-06 00:18:36,101.00,80.00,19.00,50.50,40.00,9.50
2025-12-06 00:19:27,101.00,80.00,19.00,50.50,40.00,9.50
2025-12-06 00:20:25,100.00,81.00,19.00,50.00,40.50,9.50
2025-12-06 00:21:21,101.00,80.00,19.00,50.50,40.00,9.50
2025-12-06 00:22:14,101.00,80.00,19.00,50.50,40.00,9.50
2025-12-06 00:23:03,101.00,80.00,19.00,50.50,40.00,9.50
2025-12-06 00:23:55,101.00,81.00,18.00,50.50,40.50,9.00
2025-12-06 00:24:46,103.00,79.00,18.00,51.50,39.50,9.00
2025-12-06 00:25:39,104.00,79.00,17.00,52.00,39.50,8.50
2025-12-06 00:26:28,105.00,78.00,17.00,52.50,39.00,8.50
2025-12-06 00:27:18,107.00,76.00,17.00,53.50,38.00,8.50
2025-12-06 00:28:07,107.00,76.00,17.00,53.50,38.00,8.50
2025-12-06 00:28:57,106.00,77.00,17.00,53.00,38.50,8.50
2025-12-06 00:29:47,105.00,78.00,17.00,52.50,39.00,8.50
2025-12-06 00:30:37,104.00,78.00,18.00,52.00,39.00,9.00
2025-12-06 00:31:27,107.00,76.00,17.00,53.50,38.00,8.50
2025-12-06 00:32:18,106.00,77.00,17.00,53.00,38.50,8.50
2025-12-06 00:33:08,105.00,77.00,18.00,52.50,38.50,9.00
2025-12-06 00:33:59,106.00,77.00,17.00,53.00,38.50,8.50
2025-12-06 00:34:50,104.00,79.00,17.00,52.00,39.50,8.50
2025-12-06 00:35:41,104.00,79.00,17.00,52.00,39.50,8.50
2025-12-06 00:36:31,104.00,79.00,17.00,52.00,39.50,8.50
2025-12-06 00:37:22,105.00,79.00,16.00,52.50,39.50,8.00
2025-12-06 00:38:11,105.00,79.00,16.00,52.50,39.50,8.00
2025-12-06 00:39:02,104.00,80.00,16.00,52.00,40.00,8.00
2025-12-06 00:39:52,106.00,78.00,16.00,53.00,39.00,8.00
2025-12-06 00:41:10,104.00,79.00,17.00,52.00,39.50,8.50
2025-12-06 00:42:01,103.00,80.00,17.00,51.50,40.00,8.50
2025-12-06 00:42:52,102.00,80.00,18.00,51.00,40.00,9.00
2025-12-06 00:43:42,103.00,79.00,18.00,51.50,39.50,9.00
2025-12-06 00:44:31,102.00,80.00,18.00,51.00,40.00,9.00
2025-12-06 00:45:23,102.00,80.00,18.00,51.00,40.00,9.00
2025-12-06 00:46:12,101.00,82.00,17.00,50.50,41.00,8.50
2025-12-06 00:47:02,100.00,83.00,17.00,50.00,41.50,8.50
2025-12-06 00:47:51,99.00,84.00,17.00,49.50,42.00,8.50
2025-12-06 00:48:40,99.00,84.00,17.00,49.50,42.00,8.50
2025-12-06 00:49:29,100.00,83.00,17.00,50.00,41.50,8.50
2025-12-06 00:50:19,99.00,83.00,18.00,49.50,41.50,9.00
2025-12-06 00:51:08,99.00,82.00,19.00,49.50,41.00,9.50
2025-12-06 00:52:04,98.00,83.00,19.00,49.00,41.50,9.50
2025-12-06 00:52:52,97.00,84.00,19.00,48.50,42.00,9.50
2025-12-06 00:53:43,96.00,86.00,18.00,48.00,43.00,9.00
2025-12-06 00:54:32,96.00,85.00,19.00,48.00,42.50,9.50
2025-12-06 00:55:23,98.00,83.00,19.00,49.00,41.50,9.50
2025-12-06 00:56:12,97.00,83.00,20.00,48.50,41.50,10.00
2025-12-06 00:57:02,97.00,83.00,20.00,48.50,41.50,10.00
2025-12-06 00:57:54,98.00,82.00,20.00,49.00,41.00,10.00
2025-12-06 00:58:44,99.00,81.00,20.00,49.50,40.50,10.00
2025-12-06 00:59:33,98.00,82.00,20.00,49.00,41.00,10.00
2025-12-06 01:00:21,98.00,82.00,20.00,49.00,41.00,10.00
2025-12-06 01:01:11,98.00,81.00,21.00,49.00,40.50,10.50
2025-12-06 01:01:59,98.00,81.00,21.00,49.00,40.50,10.50
2025-12-06 01:02:49,99.00,81.00,20.00,49.50,40.50,10.00
2025-12-06 01:03:38,99.00,82.00,19.00,49.50,41.00,9.50
2025-12-06 01:04:29,99.00,82.00,19.00,49.50,41.00,9.50
2025-12-06 01:05:19,100.00,81.00,19.00,50.00,40.50,9.50
2025-12-06 01:06:08,102.00,80.00,18.00,51.00,40.00,9.00
2025-12-06 01:06:57,102.00,80.00,18.00,51.00,40.00,9.00
2025-12-06 01:07:47,103.00,80.00,17.00,51.50,40.00,8.50
2025-12-06 01:08:39,103.00,79.00,18.00,51.50,39.50,9.00
2025-12-06 01:09:28,104.00,78.00,18.00,52.00,39.00,9.00
2025-12-06 01:10:18,106.00,76.00,18.00,53.00,38.00,9.00
2025-12-06 01:11:08,106.00,75.00,19.00,53.00,37.50,9.50
2025-12-06 01:11:58,105.00,75.00,20.00,52.50,37.50,10.00
2025-12-06 01:12:47,109.00,73.00,18.00,54.50,36.50,9.00
2025-12-06 01:13:37,113.00,70.00,17.00,56.50,35.00,8.50
2025-12-06 01:14:25,115.00,69.00,16.00,57.50,34.50,8.00
2025-12-06 01:15:17,116.00,68.00,16.00,58.00,34.00,8.00
2025-12-06 01:16:06,115.00,68.00,17.00,57.50,34.00,8.50
2025-12-06 01:16:56,114.00,69.00,17.00,57.00,34.50,8.50
2025-12-06 01:17:45,114.00,69.00,17.00,57.00,34.50,8.50
2025-12-06 01:18:33,114.00,68.00,18.00,57.00,34.00,9.00
2025-12-06 01:19:24,114.00,68.00,18.00,57.00,34.00,9.00
2025-12-06 01:20:15,114.00,67.00,19.00,57.00,33.50,9.50
2025-12-06 01:21:04,113.00,68.00,19.00,56.50,34.00,9.50
2025-12-06 01:21:53,115.00,67.00,18.00,57.50,33.50,9.00
2025-12-06 01:22:43,115.00,67.00,18.00,57.50,33.50,9.00
2025-12-06 01:23:31,113.00,69.00,18.00,56.50,34.50,9.00
2025-12-06 01:24:21,115.00,67.00,18.00,57.50,33.50,9.00
2025-12-06 01:25:12,116.00,65.00,19.00,58.00,32.50,9.50
2025-12-06 01:26:02,116.00,66.00,18.00,58.00,33.00,9.00
2025-12-06 01:26:51,116.00,65.00,19.00,58.00,32.50,9.50
2025-12-06 01:27:41,114.00,67.00,19.00,57.00,33.50,9.50
2025-12-06 01:28:31,115.00,67.00,18.00,57.50,33.50,9.00
2025-12-06 01:29:21,115.00,68.00,17.00,57.50,34.00,8.50
2025-12-06 01:30:11,116.00,67.00,17.00,58.00,33.50,8.50
2025-12-06 01:31:01,115.00,68.00,17.00,57.50,34.00,8.50
2025-12-06 01:31:51,115.00,68.00,17.00,57.50,34.00,8.50
2025-12-06 01:32:41,114.00,68.00,18.00,57.00,34.00,9.00
2025-12-06 01:33:30,114.00,67.00,19.00,57.00,33.50,9.50
2025-12-06 01:34:20,115.00,66.00,19.00,57.50,33.00,9.50
2025-12-06 01:35:10,115.00,66.00,19.00,57.50,33.00,9.50
2025-12-06 01:36:00,114.00,66.00,20.00,57.00,33.00,10.00
2025-12-06 01:36:49,113.00,67.00,20.00,56.50,33.50,10.00
2025-12-06 01:37:37,112.00,67.00,21.00,56.00,33.50,10.50
2025-12-06 01:38:27,113.00,66.00,21.00,56.50,33.00,10.50
2025-12-06 01:39:17,113.00,66.00,21.00,56.50,33.00,10.50
2025-12-06 01:40:06,113.00,65.00,22.00,56.50,32.50,11.00
2025-12-06 01:40:55,112.00,66.00,22.00,56.00,33.00,11.00
2025-12-06 01:41:44,113.00,65.00,22.00,56.50,32.50,11.00
2025-12-06 01:42:34,115.00,64.00,21.00,57.50,32.00,10.50
2025-12-06 01:43:22,115.00,63.00,22.00,57.50,31.50,11.00
2025-12-06 01:44:11,117.00,62.00,21.00,58.50,31.00,10.50
2025-12-06 01:45:00,117.00,62.00,21.00,58.50,31.00,10.50
2025-12-06 01:45:50,117.00,62.00,21.00,58.50,31.00,10.50
2025-12-06 01:46:38,117.00,62.00,21.00,58.50,31.00,10.50
2025-12-06 01:47:27,116.00,63.00,21.00,58.00,31.50,10.50
2025-12-06 01:48:17,116.00,63.00,21.00,58.00,31.50,10.50
2025-12-06 01:49:05,116.00,63.00,21.00,58.00,31.50,10.50
2025-12-06 01:49:55,116.00,63.00,21.00,58.00,31.50,10.50
2025-12-06 01:50:45,115.00,64.00,21.00,57.50,32.00,10.50
2025-12-06 01:51:34,114.00,65.00,21.00,57.00,32.50,10.50
2025-12-06 01:52:22,114.00,66.00,20.00,57.00,33.00,10.00
2025-12-06 01:53:13,115.00,65.00,20.00,57.50,32.50,10.00
2025-12-06 01:54:02,117.00,64.00,19.00,58.50,32.00,9.50
2025-12-06 01:54:49,117.00,63.00,20.00,58.50,31.50,10.00
2025-12-06 01:55:38,118.00,62.00,20.00,59.00,31.00,10.00
2025-12-06 01:56:29,120.00,59.00,21.00,60.00,29.50,10.50
2025-12-06 01:57:18,120.00,59.00,21.00,60.00,29.50,10.50
2025-12-06 01:58:08,119.00,59.00,22.00,59.50,29.50,11.00
2025-12-06 01:58:58,120.00,58.00,22.00,60.00,29.00,11.00
2025-12-06 01:59:48,119.00,58.00,23.00,59.50,29.00,11.50
2025-12-06 02:00:37,119.00,58.00,23.00,59.50,29.00,11.50
2025-12-06 02:01:27,120.00,57.00,23.00,60.00,28.50,11.50
2025-12-06 02:02:17,121.00,58.00,21.00,60.50,29.00,10.50
2025-12-06 02:03:06,120.00,58.00,22.00,60.00,29.00,11.00
2025-12-06 02:03:55,122.00,56.00,22.00,61.00,28.00,11.00
2025-12-06 02:04:44,124.00,55.00,21.00,62.00,27.50,10.50
2025-12-06 02:05:35,121.00,58.00,21.00,60.50,29.00,10.50
2025-12-06 02:06:26,123.00,57.00,20.00,61.50,28.50,10.00
2025-12-06 02:07:15,124.00,56.00,20.00,62.00,28.00,10.00
2025-12-06 02:08:04,123.00,57.00,20.00,61.50,28.50,10.00
2025-12-06 02:08:56,121.00,59.00,20.00,60.50,29.50,10.00
2025-12-06 02:09:46,120.00,60.00,20.00,60.00,30.00,10.00
2025-12-06 02:10:36,122.00,59.00,19.00,61.00,29.50,9.50
2025-12-06 02:11:25,123.00,58.00,19.00,61.50,29.00,9.50
2025-12-06 02:12:14,123.00,57.00,20.00,61.50,28.50,10.00
2025-12-06 02:13:05,124.00,56.00,20.00,62.00,28.00,10.00
2025-12-06 02:13:53,123.00,57.00,20.00,61.50,28.50,10.00
2025-12-06 02:14:43,122.00,57.00,21.00,61.00,28.50,10.50
2025-12-06 02:15:32,122.00,57.00,21.00,61.00,28.50,10.50
2025-12-06 02:16:21,122.00,56.00,22.00,61.00,28.00,11.00
2025-12-06 02:17:10,121.00,57.00,22.00,60.50,28.50,11.00
2025-12-06 02:17:59,120.00,57.00,23.00,60.00,28.50,11.50
2025-12-06 02:18:49,121.00,56.00,23.00,60.50,28.00,11.50
2025-12-06 02:19:38,121.00,56.00,23.00,60.50,28.00,11.50
2025-12-06 02:20:28,123.00,55.00,22.00,61.50,27.50,11.00
2025-12-06 02:21:16,123.00,55.00,22.00,61.50,27.50,11.00
2025-12-06 02:22:05,124.00,55.00,21.00,62.00,27.50,10.50
2025-12-06 02:22:54,125.00,54.00,21.00,62.50,27.00,10.50
2025-12-06 02:23:47,124.00,54.00,22.00,62.00,27.00,11.00
2025-12-06 02:24:36,123.00,55.00,22.00,61.50,27.50,11.00
2025-12-06 02:25:24,122.00,56.00,22.00,61.00,28.00,11.00
2025-12-06 02:26:14,121.00,57.00,22.00,60.50,28.50,11.00
2025-12-06 02:27:04,120.00,58.00,22.00,60.00,29.00,11.00
2025-12-06 02:27:53,120.00,59.00,21.00,60.00,29.50,10.50
2025-12-06 02:28:41,120.00,59.00,21.00,60.00,29.50,10.50
2025-12-06 02:29:30,120.00,59.00,21.00,60.00,29.50,10.50
2025-12-06 02:30:21,120.00,59.00,21.00,60.00,29.50,10.50
2025-12-06 02:31:09,118.00,61.00,21.00,59.00,30.50,10.50
2025-12-06 02:31:58,118.00,61.00,21.00,59.00,30.50,10.50
2025-12-06 02:32:49,118.00,62.00,20.00,59.00,31.00,10.00
2025-12-06 02:33:39,118.00,62.00,20.00,59.00,31.00,10.00
2025-12-06 02:34:28,119.00,61.00,20.00,59.50,30.50,10.00
2025-12-06 02:35:17,118.00,62.00,20.00,59.00,31.00,10.00
2025-12-06 02:36:06,118.00,62.00,20.00,59.00,31.00,10.00
2025-12-06 02:36:56,117.00,63.00,20.00,58.50,31.50,10.00
2025-12-06 02:37:45,116.00,65.00,19.00,58.00,32.50,9.50
2025-12-06 02:38:34,117.00,65.00,18.00,58.50,32.50,9.00
2025-12-06 02:39:23,119.00,63.00,18.00,59.50,31.50,9.00
2025-12-06 02:40:13,120.00,62.00,18.00,60.00,31.00,9.00
2025-12-06 02:41:02,121.00,61.00,18.00,60.50,30.50,9.00
2025-12-06 02:41:51,119.00,63.00,18.00,59.50,31.50,9.00
2025-12-06 02:42:40,120.00,62.00,18.00,60.00,31.00,9.00
2025-12-06 02:43:29,120.00,61.00,19.00,60.00,30.50,9.50
2025-12-06 02:44:19,120.00,61.00,19.00,60.00,30.50,9.50
2025-12-06 02:45:08,119.00,61.00,20.00,59.50,30.50,10.00
2025-12-06 02:45:58,119.00,63.00,18.00,59.50,31.50,9.00
2025-12-06 02:46:48,119.00,63.00,18.00,59.50,31.50,9.00
2025-12-06 02:47:36,119.00,64.00,17.00,59.50,32.00,8.50
2025-12-06 02:48:25,120.00,64.00,16.00,60.00,32.00,8.00
2025-12-06 02:49:15,121.00,63.00,16.00,60.50,31.50,8.00
2025-12-06 02:50:05,120.00,64.00,16.00,60.00,32.00,8.00
2025-12-06 02:50:55,119.00,66.00,15.00,59.50,33.00,7.50
2025-12-06 02:51:44,120.00,64.00,16.00,60.00,32.00,8.00
2025-12-06 02:52:33,119.00,65.00,16.00,59.50,32.50,8.00
2025-12-06 02:53:24,119.00,65.00,16.00,59.50,32.50,8.00
2025-12-06 02:54:17,119.00,65.00,16.00,59.50,32.50,8.00
2025-12-06 02:55:07,118.00,66.00,16.00,59.00,33.00,8.00
2025-12-06 02:55:57,116.00,68.00,16.00,58.00,34.00,8.00
2025-12-06 02:56:46,116.00,68.00,16.00,58.00,34.00,8.00
2025-12-06 02:57:36,116.00,68.00,16.00,58.00,34.00,8.00
2025-12-06 02:58:26,116.00,67.00,17.00,58.00,33.50,8.50
2025-12-06 02:59:16,117.00,66.00,17.00,58.50,33.00,8.50
2025-12-06 03:00:05,117.00,66.00,17.00,58.50,33.00,8.50
2025-12-06 03:00:54,117.00,66.00,17.00,58.50,33.00,8.50
2025-12-06 03:01:42,116.00,67.00,17.00,58.00,33.50,8.50
2025-12-06 03:02:32,118.00,65.00,17.00,59.00,32.50,8.50
2025-12-06 03:03:21,119.00,64.00,17.00,59.50,32.00,8.50
2025-12-06 03:04:12,118.00,65.00,17.00,59.00,32.50,8.50
2025-12-06 03:05:02,119.00,63.00,18.00,59.50,31.50,9.00
2025-12-06 03:05:52,118.00,64.00,18.00,59.00,32.00,9.00
2025-12-06 03:06:40,118.00,65.00,17.00,59.00,32.50,8.50
2025-12-06 03:07:31,117.00,66.00,17.00,58.50,33.00,8.50
2025-12-06 03:08:20,116.00,68.00,16.00,58.00,34.00,8.00
2025-12-06 03:09:10,117.00,68.00,15.00,58.50,34.00,7.50
2025-12-06 03:10:01,117.00,68.00,15.00,58.50,34.00,7.50
2025-12-06 03:10:50,117.00,68.00,15.00,58.50,34.00,7.50
2025-12-06 03:11:40,117.00,68.00,15.00,58.50,34.00,7.50
2025-12-06 03:12:30,116.00,68.00,16.00,58.00,34.00,8.00
2025-12-06 03:13:19,115.00,69.00,16.00,57.50,34.50,8.00
2025-12-06 03:14:09,117.00,68.00,15.00,58.50,34.00,7.50
2025-12-06 03:14:58,116.00,69.00,15.00,58.00,34.50,7.50
2025-12-06 03:15:48,116.00,69.00,15.00,58.00,34.50,7.50
2025-12-06 03:16:37,114.00,69.00,17.00,57.00,34.50,8.50
2025-12-06 03:17:27,113.00,69.00,18.00,56.50,34.50,9.00
2025-12-06 03:18:15,115.00,67.00,18.00,57.50,33.50,9.00
2025-12-06 03:19:05,115.00,67.00,18.00,57.50,33.50,9.00
2025-12-06 03:19:55,115.00,67.00,18.00,57.50,33.50,9.00
2025-12-06 03:20:45,115.00,67.00,18.00,57.50,33.50,9.00
2025-12-06 03:21:35,116.00,66.00,18.00,58.00,33.00,9.00
2025-12-06 03:22:23,115.00,67.00,18.00,57.50,33.50,9.00
2025-12-06 03:23:13,114.00,67.00,19.00,57.00,33.50,9.50
2025-12-06 03:24:02,113.00,68.00,19.00,56.50,34.00,9.50
2025-12-06 03:24:51,113.00,69.00,18.00,56.50,34.50,9.00
2025-12-06 03:25:40,112.00,69.00,19.00,56.00,34.50,9.50
2025-12-06 03:26:29,112.00,69.00,19.00,56.00,34.50,9.50
2025-12-06 03:27:21,113.00,69.00,18.00,56.50,34.50,9.00
2025-12-06 03:28:11,113.00,70.00,17.00,56.50,35.00,8.50
2025-12-06 03:29:00,114.00,70.00,16.00,57.00,35.00,8.00
2025-12-06 03:29:49,114.00,70.00,16.00,57.00,35.00,8.00
2025-12-06 03:30:38,113.00,70.00,17.00,56.50,35.00,8.50
2025-12-06 03:31:28,111.00,72.00,17.00,55.50,36.00,8.50
2025-12-06 03:32:19,110.00,73.00,17.00,55.00,36.50,8.50
2025-12-06 03:33:08,109.00,74.00,17.00,54.50,37.00,8.50
2025-12-06 03:33:58,108.00,75.00,17.00,54.00,37.50,8.50
2025-12-06 03:34:49,109.00,75.00,16.00,54.50,37.50,8.00
2025-12-06 03:35:38,109.00,76.00,15.00,54.50,38.00,7.50
2025-12-06 03:36:28,109.00,75.00,16.00,54.50,37.50,8.00
2025-12-06 03:37:19,110.00,74.00,16.00,55.00,37.00,8.00
2025-12-06 03:38:09,110.00,74.00,16.00,55.00,37.00,8.00
2025-12-06 03:38:58,112.00,72.00,16.00,56.00,36.00,8.00
2025-12-06 03:39:47,114.00,70.00,16.00,57.00,35.00,8.00
2025-12-06 03:40:36,115.00,70.00,15.00,57.50,35.00,7.50
2025-12-06 03:41:26,116.00,69.00,15.00,58.00,34.50,7.50
2025-12-06 03:42:18,114.00,71.00,15.00,57.00,35.50,7.50
2025-12-06 03:43:07,115.00,70.00,15.00,57.50,35.00,7.50
2025-12-06 03:44:02,116.00,69.00,15.00,58.00,34.50,7.50
2025-12-06 03:44:52,118.00,67.00,15.00,59.00,33.50,7.50
2025-12-06 03:45:42,118.00,67.00,15.00,59.00,33.50,7.50
2025-12-06 03:46:31,118.00,66.00,16.00,59.00,33.00,8.00
2025-12-06 03:47:21,120.00,64.00,16.00,60.00,32.00,8.00
2025-12-06 03:48:15,118.00,66.00,16.00,59.00,33.00,8.00
2025-12-06 03:49:04,118.00,66.00,16.00,59.00,33.00,8.00
2025-12-06 03:49:52,116.00,67.00,17.00,58.00,33.50,8.50
2025-12-06 03:50:41,117.00,66.00,17.00,58.50,33.00,8.50
2025-12-06 03:51:32,120.00,63.00,17.00,60.00,31.50,8.50
2025-12-06 03:52:21,118.00,65.00,17.00,59.00,32.50,8.50
2025-12-06 03:53:10,119.00,65.00,16.00,59.50,32.50,8.00
2025-12-06 03:54:00,119.00,65.00,16.00,59.50,32.50,8.00
2025-12-06 03:54:51,119.00,65.00,16.00,59.50,32.50,8.00
2025-12-06 03:55:40,119.00,64.00,17.00,59.50,32.00,8.50
2025-12-06 03:56:30,119.00,63.00,18.00,59.50,31.50,9.00
2025-12-06 03:57:19,118.00,63.00,19.00,59.00,31.50,9.50
2025-12-06 03:58:08,116.00,65.00,19.00,58.00,32.50,9.50
2025-12-06 03:58:59,115.00,66.00,19.00,57.50,33.00,9.50
2025-12-06 03:59:48,117.00,64.00,19.00,58.50,32.00,9.50
2025-12-06 04:00:40,117.00,64.00,19.00,58.50,32.00,9.50
2025-12-06 04:01:29,117.00,64.00,19.00,58.50,32.00,9.50
2025-12-06 04:02:18,117.00,63.00,20.00,58.50,31.50,10.00
2025-12-06 04:03:07,120.00,61.00,19.00,60.00,30.50,9.50
2025-12-06 04:03:57,119.00,62.00,19.00,59.50,31.00,9.50
2025-12-06 04:04:45,119.00,62.00,19.00,59.50,31.00,9.50
2025-12-06 04:05:36,119.00,62.00,19.00,59.50,31.00,9.50
2025-12-06 04:06:25,118.00,63.00,19.00,59.00,31.50,9.50
2025-12-06 04:07:15,117.00,64.00,19.00,58.50,32.00,9.50
2025-12-06 04:08:04,120.00,61.00,19.00,60.00,30.50,9.50
2025-12-06 04:08:54,122.00,60.00,18.00,61.00,30.00,9.00
2025-12-06 04:09:43,121.00,61.00,18.00,60.50,30.50,9.00
2025-12-06 04:10:33,119.00,63.00,18.00,59.50,31.50,9.00
2025-12-06 04:11:22,120.00,62.00,18.00,60.00,31.00,9.00
2025-12-06 04:12:13,121.00,61.00,18.00,60.50,30.50,9.00
2025-12-06 04:13:05,121.00,61.00,18.00,60.50,30.50,9.00
2025-12-06 04:13:54,120.00,61.00,19.00,60.00,30.50,9.50
2025-12-06 04:14:43,120.00,60.00,20.00,60.00,30.00,10.00
2025-12-06 04:15:33,121.00,60.00,19.00,60.50,30.00,9.50
2025-12-06 04:16:22,121.00,60.00,19.00,60.50,30.00,9.50
2025-12-06 04:17:11,121.00,60.00,19.00,60.50,30.00,9.50
2025-12-06 04:18:00,120.00,61.00,19.00,60.00,30.50,9.50
2025-12-06 04:18:48,119.00,61.00,20.00,59.50,30.50,10.00
2025-12-06 04:19:38,120.00,60.00,20.00,60.00,30.00,10.00
2025-12-06 04:20:27,120.00,60.00,20.00,60.00,30.00,10.00
2025-12-06 04:21:16,120.00,60.00,20.00,60.00,30.00,10.00
2025-12-06 04:22:05,121.00,60.00,19.00,60.50,30.00,9.50
2025-12-06 04:22:55,121.00,61.00,18.00,60.50,30.50,9.00
2025-12-06 04:23:43,121.00,61.00,18.00,60.50,30.50,9.00
2025-12-06 04:24:33,120.00,62.00,18.00,60.00,31.00,9.00
2025-12-06 04:25:22,120.00,62.00,18.00,60.00,31.00,9.00
2025-12-06 04:26:11,120.00,64.00,16.00,60.00,32.00,8.00
2025-12-06 04:27:01,121.00,64.00,15.00,60.50,32.00,7.50
2025-12-06 04:27:54,121.00,64.00,15.00,60.50,32.00,7.50
2025-12-06 04:28:43,120.00,65.00,15.00,60.00,32.50,7.50
2025-12-06 04:29:33,120.00,65.00,15.00,60.00,32.50,7.50
2025-12-06 04:30:22,119.00,65.00,16.00,59.50,32.50,8.00
2025-12-06 04:31:14,119.00,64.00,17.00,59.50,32.00,8.50
2025-12-06 04:32:03,118.00,65.00,17.00,59.00,32.50,8.50
2025-12-06 04:32:52,117.00,66.00,17.00,58.50,33.00,8.50
2025-12-06 04:33:42,118.00,65.00,17.00,59.00,32.50,8.50
2025-12-06 04:34:31,119.00,65.00,16.00,59.50,32.50,8.00
2025-12-06 04:35:20,118.00,65.00,17.00,59.00,32.50,8.50
2025-12-06 04:36:09,117.00,66.00,17.00,58.50,33.00,8.50
2025-12-06 04:37:01,116.00,68.00,16.00,58.00,34.00,8.00
2025-12-06 04:37:50,118.00,66.00,16.00,59.00,33.00,8.00
2025-12-06 04:38:41,116.00,67.00,17.00,58.00,33.50,8.50
2025-12-06 04:39:31,117.00,66.00,17.00,58.50,33.00,8.50
2025-12-06 04:40:20,119.00,65.00,16.00,59.50,32.50,8.00
2025-12-06 04:41:10,121.00,63.00,16.00,60.50,31.50,8.00
2025-12-06 04:41:58,122.00,62.00,16.00,61.00,31.00,8.00
2025-12-06 04:42:47,121.00,62.00,17.00,60.50,31.00,8.50
2025-12-06 04:43:37,120.00,63.00,17.00,60.00,31.50,8.50
2025-12-06 04:44:26,119.00,64.00,17.00,59.50,32.00,8.50
2025-12-06 04:45:15,119.00,64.00,17.00,59.50,32.00,8.50
2025-12-06 04:46:04,118.00,66.00,16.00,59.00,33.00,8.00
2025-12-06 04:46:54,117.00,67.00,16.00,58.50,33.50,8.00
2025-12-06 04:47:44,117.00,67.00,16.00,58.50,33.50,8.00
2025-12-06 04:48:33,117.00,66.00,17.00,58.50,33.00,8.50
2025-12-06 04:49:22,115.00,68.00,17.00,57.50,34.00,8.50
2025-12-06 04:50:12,113.00,70.00,17.00,56.50,35.00,8.50
2025-12-06 04:51:03,112.00,71.00,17.00,56.00,35.50,8.50
2025-12-06 04:51:52,112.00,71.00,17.00,56.00,35.50,8.50
2025-12-06 04:52:41,113.00,70.00,17.00,56.50,35.00,8.50
2025-12-06 04:53:29,112.00,71.00,17.00,56.00,35.50,8.50
2025-12-06 04:54:19,111.00,72.00,17.00,55.50,36.00,8.50
2025-12-06 04:55:09,109.00,74.00,17.00,54.50,37.00,8.50
2025-12-06 04:56:00,108.00,75.00,17.00,54.00,37.50,8.50
2025-12-06 04:56:49,107.00,76.00,17.00,53.50,38.00,8.50
2025-12-06 04:57:37,106.00,76.00,18.00,53.00,38.00,9.00
2025-12-06 04:58:27,107.00,76.00,17.00,53.50,38.00,8.50
2025-12-06 04:59:17,108.00,75.00,17.00,54.00,37.50,8.50
2025-12-06 05:00:06,109.00,73.00,18.00,54.50,36.50,9.00
2025-12-06 05:00:55,108.00,73.00,19.00,54.00,36.50,9.50
2025-12-06 05:01:43,107.00,75.00,18.00,53.50,37.50,9.00
2025-12-06 05:02:32,106.00,76.00,18.00,53.00,38.00,9.00
2025-12-06 05:03:21,105.00,77.00,18.00,52.50,38.50,9.00
2025-12-06 05:04:11,106.00,76.00,18.00,53.00,38.00,9.00
2025-12-06 05:05:00,105.00,77.00,18.00,52.50,38.50,9.00
2025-12-06 05:05:51,106.00,77.00,17.00,53.00,38.50,8.50
2025-12-06 05:06:41,108.00,77.00,15.00,54.00,38.50,7.50
2025-12-06 05:07:28,108.00,76.00,16.00,54.00,38.00,8.00
2025-12-06 05:08:19,108.00,76.00,16.00,54.00,38.00,8.00
2025-12-06 05:09:10,107.00,77.00,16.00,53.50,38.50,8.00
2025-12-06 05:10:01,108.00,76.00,16.00,54.00,38.00,8.00
2025-12-06 05:10:50,108.00,77.00,15.00,54.00,38.50,7.50
2025-12-06 05:11:39,107.00,77.00,16.00,53.50,38.50,8.00
2025-12-06 05:12:28,105.00,79.00,16.00,52.50,39.50,8.00
2025-12-06 05:13:17,105.00,79.00,16.00,52.50,39.50,8.00
2025-12-06 05:14:07,105.00,79.00,16.00,52.50,39.50,8.00
2025-12-06 05:14:58,105.00,80.00,15.00,52.50,40.00,7.50
2025-12-06 05:15:47,104.00,81.00,15.00,52.00,40.50,7.50
2025-12-06 05:16:38,104.00,80.00,16.00,52.00,40.00,8.00
2025-12-06 05:17:27,104.00,80.00,16.00,52.00,40.00,8.00
2025-12-06 05:18:17,103.00,80.00,17.00,51.50,40.00,8.50
2025-12-06 05:19:07,103.00,80.00,17.00,51.50,40.00,8.50
2025-12-06 05:19:57,101.00,80.00,19.00,50.50,40.00,9.50
2025-12-06 05:20:48,101.00,80.00,19.00,50.50,40.00,9.50
2025-12-06 05:21:38,101.00,80.00,19.00,50.50,40.00,9.50
2025-12-06 05:22:27,101.00,79.00,20.00,50.50,39.50,10.00
2025-12-06 05:23:16,101.00,79.00,20.00,50.50,39.50,10.00
2025-12-06 05:24:05,101.00,79.00,20.00,50.50,39.50,10.00
2025-12-06 05:24:54,101.00,79.00,20.00,50.50,39.50,10.00
2025-12-06 05:25:44,102.00,79.00,19.00,51.00,39.50,9.50
2025-12-06 05:26:34,102.00,80.00,18.00,51.00,40.00,9.00
2025-12-06 05:27:25,102.00,80.00,18.00,51.00,40.00,9.00
2025-12-06 05:28:15,102.00,80.00,18.00,51.00,40.00,9.00
2025-12-06 05:29:04,103.00,78.00,19.00,51.50,39.00,9.50
2025-12-06 05:29:53,102.00,78.00,20.00,51.00,39.00,10.00
2025-12-06 05:30:42,101.00,78.00,21.00,50.50,39.00,10.50
2025-12-06 05:31:31,101.00,78.00,21.00,50.50,39.00,10.50
2025-12-06 05:32:21,103.00,76.00,21.00,51.50,38.00,10.50
2025-12-06 05:33:10,102.00,77.00,21.00,51.00,38.50,10.50
2025-12-06 05:33:59,101.00,78.00,21.00,50.50,39.00,10.50
2025-12-06 05:34:47,100.00,79.00,21.00,50.00,39.50,10.50
2025-12-06 05:35:43,101.00,78.00,21.00,50.50,39.00,10.50
2025-12-06 05:36:31,99.00,79.00,22.00,49.50,39.50,11.00
2025-12-06 05:37:20,100.00,78.00,22.00,50.00,39.00,11.00
2025-12-06 05:38:09,101.00,77.00,22.00,50.50,38.50,11.00
2025-12-06 05:38:59,99.00,79.00,22.00,49.50,39.50,11.00
2025-12-06 05:39:49,99.00,79.00,22.00,49.50,39.50,11.00
2025-12-06 05:40:38,99.00,78.00,23.00,49.50,39.00,11.50
2025-12-06 05:41:28,98.00,79.00,23.00,49.00,39.50,11.50
2025-12-06 05:42:18,96.00,81.00,23.00,48.00,40.50,11.50
2025-12-06 05:43:07,96.00,81.00,23.00,48.00,40.50,11.50
2025-12-06 05:43:58,95.00,82.00,23.00,47.50,41.00,11.50
2025-12-06 05:44:48,96.00,81.00,23.00,48.00,40.50,11.50
2025-12-06 05:45:36,98.00,81.00,21.00,49.00,40.50,10.50
2025-12-06 05:46:26,98.00,81.00,21.00,49.00,40.50,10.50
2025-12-06 05:47:16,98.00,81.00,21.00,49.00,40.50,10.50
2025-12-06 05:48:05,98.00,81.00,21.00,49.00,40.50,10.50
2025-12-06 05:48:54,99.00,81.00,20.00,49.50,40.50,10.00
2025-12-06 05:49:43,99.00,81.00,20.00,49.50,40.50,10.00
2025-12-06 05:50:33,103.00,77.00,20.00,51.50,38.50,10.00
2025-12-06 05:51:22,103.00,77.00,20.00,51.50,38.50,10.00
2025-12-06 05:52:13,103.00,78.00,19.00,51.50,39.00,9.50
2025-12-06 05:53:01,103.00,77.00,20.00,51.50,38.50,10.00
2025-12-06 05:53:50,102.00,78.00,20.00,51.00,39.00,10.00
2025-12-06 05:54:40,103.00,77.00,20.00,51.50,38.50,10.00
2025-12-06 05:55:30,101.00,79.00,20.00,50.50,39.50,10.00
2025-12-06 05:56:20,101.00,79.00,20.00,50.50,39.50,10.00
2025-12-06 05:57:10,101.00,79.00,20.00,50.50,39.50,10.00
2025-12-06 05:57:59,101.00,78.00,21.00,50.50,39.00,10.50
2025-12-06 05:58:49,100.00,79.00,21.00,50.00,39.50,10.50
2025-12-06 05:59:38,99.00,80.00,21.00,49.50,40.00,10.50
2025-12-06 06:00:30,99.00,80.00,21.00,49.50,40.00,10.50
2025-12-06 06:01:21,99.00,80.00,21.00,49.50,40.00,10.50
2025-12-06 06:02:10,99.00,80.00,21.00,49.50,40.00,10.50
2025-12-06 06:03:00,98.00,80.00,22.00,49.00,40.00,11.00
2025-12-06 06:03:51,97.00,81.00,22.00,48.50,40.50,11.00
2025-12-06 06:04:39,97.00,81.00,22.00,48.50,40.50,11.00
2025-12-06 06:05:30,97.00,81.00,22.00,48.50,40.50,11.00
2025-12-06 06:06:19,98.00,80.00,22.00,49.00,40.00,11.00
2025-12-06 06:07:08,98.00,79.00,23.00,49.00,39.50,11.50
2025-12-06 06:07:58,97.00,79.00,24.00,48.50,39.50,12.00
2025-12-06 06:08:47,96.00,79.00,25.00,48.00,39.50,12.50
2025-12-06 06:09:38,94.00,81.00,25.00,47.00,40.50,12.50
2025-12-06 06:10:28,94.00,81.00,25.00,47.00,40.50,12.50
2025-12-06 06:11:17,94.00,81.00,25.00,47.00,40.50,12.50
2025-12-06 06:12:09,95.00,80.00,25.00,47.50,40.00,12.50
2025-12-06 06:12:57,96.00,79.00,25.00,48.00,39.50,12.50
2025-12-06 06:13:47,96.00,78.00,26.00,48.00,39.00,13.00
2025-12-06 06:14:37,96.00,78.00,26.00,48.00,39.00,13.00
2025-12-06 06:15:25,96.00,78.00,26.00,48.00,39.00,13.00
2025-12-06 06:16:16,97.00,77.00,26.00,48.50,38.50,13.00
2025-12-06 06:17:05,96.00,78.00,26.00,48.00,39.00,13.00
2025-12-06 06:17:54,95.00,79.00,26.00,47.50,39.50,13.00
2025-12-06 06:18:43,94.00,81.00,25.00,47.00,40.50,12.50
2025-12-06 06:19:33,96.00,80.00,24.00,48.00,40.00,12.00
2025-12-06 06:20:26,96.00,80.00,24.00,48.00,40.00,12.00
2025-12-06 06:21:15,98.00,78.00,24.00,49.00,39.00,12.00
2025-12-06 06:22:04,97.00,78.00,25.00,48.50,39.00,12.50
2025-12-06 06:22:55,97.00,77.00,26.00,48.50,38.50,13.00
2025-12-06 06:23:45,98.00,77.00,25.00,49.00,38.50,12.50
2025-12-06 06:24:34,97.00,78.00,25.00,48.50,39.00,12.50
2025-12-06 06:25:25,96.00,79.00,25.00,48.00,39.50,12.50
2025-12-06 06:26:15,98.00,78.00,24.00,49.00,39.00,12.00
2025-12-06 06:27:05,97.00,79.00,24.00,48.50,39.50,12.00
2025-12-06 06:27:55,98.00,78.00,24.00,49.00,39.00,12.00
2025-12-06 06:28:45,96.00,80.00,24.00,48.00,40.00,12.00
2025-12-06 06:29:36,98.00,79.00,23.00,49.00,39.50,11.50
2025-12-06 06:30:27,98.00,78.00,24.00,49.00,39.00,12.00
2025-12-06 06:31:17,98.00,78.00,24.00,49.00,39.00,12.00
2025-12-06 06:32:06,96.00,79.00,25.00,48.00,39.50,12.50
2025-12-06 06:32:56,95.00,80.00,25.00,47.50,40.00,12.50
2025-12-06 06:33:47,96.00,79.00,25.00,48.00,39.50,12.50
2025-12-06 06:34:36,98.00,78.00,24.00,49.00,39.00,12.00
2025-12-06 06:35:25,100.00,77.00,23.00,50.00,38.50,11.50
2025-12-06 06:36:14,101.00,78.00,21.00,50.50,39.00,10.50
2025-12-06 06:37:03,101.00,78.00,21.00,50.50,39.00,10.50
2025-12-06 06:37:53,101.00,78.00,21.00,50.50,39.00,10.50
2025-12-06 06:38:42,101.00,77.00,22.00,50.50,38.50,11.00
2025-12-06 06:39:31,102.00,76.00,22.00,51.00,38.00,11.00
2025-12-06 06:40:20,101.00,77.00,22.00,50.50,38.50,11.00
2025-12-06 06:41:09,101.00,77.00,22.00,50.50,38.50,11.00
2025-12-06 06:41:59,99.00,78.00,23.00,49.50,39.00,11.50
2025-12-06 06:42:48,99.00,78.00,23.00,49.50,39.00,11.50
2025-12-06 06:43:36,98.00,78.00,24.00,49.00,39.00,12.00
2025-12-06 06:44:25,96.00,80.00,24.00,48.00,40.00,12.00
2025-12-06 06:45:15,96.00,80.00,24.00,48.00,40.00,12.00
2025-12-06 06:46:05,94.00,82.00,24.00,47.00,41.00,12.00
2025-12-06 06:46:53,96.00,82.00,22.00,48.00,41.00,11.00
2025-12-06 06:47:43,97.00,82.00,21.00,48.50,41.00,10.50
2025-12-06 06:48:33,96.00,83.00,21.00,48.00,41.50,10.50
2025-12-06 06:49:22,95.00,84.00,21.00,47.50,42.00,10.50
2025-12-06 06:50:11,95.00,84.00,21.00,47.50,42.00,10.50
2025-12-06 06:51:00,95.00,84.00,21.00,47.50,42.00,10.50
2025-12-06 06:51:49,96.00,82.00,22.00,48.00,41.00,11.00
2025-12-06 06:52:39,96.00,81.00,23.00,48.00,40.50,11.50
2025-12-06 06:53:28,96.00,81.00,23.00,48.00,40.50,11.50
2025-12-06 06:54:16,97.00,80.00,23.00,48.50,40.00,11.50
2025-12-06 06:55:06,97.00,80.00,23.00,48.50,40.00,11.50
2025-12-06 06:55:57,98.00,79.00,23.00,49.00,39.50,11.50
2025-12-06 06:56:46,97.00,79.00,24.00,48.50,39.50,12.00
2025-12-06 06:57:40,95.00,81.00,24.00,47.50,40.50,12.00
2025-12-06 06:58:31,95.00,81.00,24.00,47.50,40.50,12.00
2025-12-06 06:59:19,95.00,80.00,25.00,47.50,40.00,12.50
2025-12-06 07:00:10,97.00,79.00,24.00,48.50,39.50,12.00
2025-12-06 07:00:59,98.00,78.00,24.00,49.00,39.00,12.00
2025-12-06 07:01:48,99.00,77.00,24.00,49.50,38.50,12.00
2025-12-06 07:02:38,100.00,76.00,24.00,50.00,38.00,12.00
2025-12-06 07:03:26,100.00,76.00,24.00,50.00,38.00,12.00
2025-12-06 07:04:17,99.00,77.00,24.00,49.50,38.50,12.00
2025-12-06 07:05:07,99.00,77.00,24.00,49.50,38.50,12.00
2025-12-06 07:05:56,99.00,77.00,24.00,49.50,38.50,12.00
2025-12-06 07:06:45,100.00,76.00,24.00,50.00,38.00,12.00
2025-12-06 07:07:34,101.00,75.00,24.00,50.50,37.50,12.00
2025-12-06 07:08:24,100.00,76.00,24.00,50.00,38.00,12.00
2025-12-06 07:09:14,99.00,76.00,25.00,49.50,38.00,12.50
2025-12-06 07:10:02,98.00,76.00,26.00,49.00,38.00,13.00
2025-12-06 07:10:52,99.00,75.00,26.00,49.50,37.50,13.00
2025-12-06 07:11:43,97.00,77.00,26.00,48.50,38.50,13.00
2025-12-06 07:12:32,97.00,77.00,26.00,48.50,38.50,13.00
2025-12-06 07:13:21,98.00,77.00,25.00,49.00,38.50,12.50
2025-12-06 07:14:10,98.00,77.00,25.00,49.00,38.50,12.50
2025-12-06 07:14:59,97.00,78.00,25.00,48.50,39.00,12.50
2025-12-06 07:15:48,97.00,78.00,25.00,48.50,39.00,12.50
2025-12-06 07:16:37,96.00,77.00,27.00,48.00,38.50,13.50
2025-12-06 07:17:27,95.00,78.00,27.00,47.50,39.00,13.50
2025-12-06 07:18:16,95.00,78.00,27.00,47.50,39.00,13.50
2025-12-06 07:19:05,95.00,78.00,27.00,47.50,39.00,13.50
2025-12-06 07:19:55,95.00,79.00,26.00,47.50,39.50,13.00
2025-12-06 07:20:46,97.00,77.00,26.00,48.50,38.50,13.00
2025-12-06 07:21:36,98.00,76.00,26.00,49.00,38.00,13.00
2025-12-06 07:22:25,98.00,75.00,27.00,49.00,37.50,13.50
2025-12-06 07:23:14,98.00,74.00,28.00,49.00,37.00,14.00
2025-12-06 07:24:03,99.00,73.00,28.00,49.50,36.50,14.00
2025-12-06 07:24:54,100.00,74.00,26.00,50.00,37.00,13.00
2025-12-06 07:25:44,100.00,74.00,26.00,50.00,37.00,13.00
2025-12-06 07:26:33,100.00,73.00,27.00,50.00,36.50,13.50
2025-12-06 07:27:22,100.00,73.00,27.00,50.00,36.50,13.50
2025-12-06 07:28:11,100.00,72.00,28.00,50.00,36.00,14.00
2025-12-06 07:29:00,99.00,74.00,27.00,49.50,37.00,13.50
2025-12-06 07:29:49,100.00,75.00,25.00,50.00,37.50,12.50
2025-12-06 07:30:40,102.00,73.00,25.00,51.00,36.50,12.50
2025-12-06 07:31:29,104.00,71.00,25.00,52.00,35.50,12.50
2025-12-06 07:32:18,105.00,70.00,25.00,52.50,35.00,12.50
2025-12-06 07:33:07,105.00,70.00,25.00,52.50,35.00,12.50
2025-12-06 07:33:56,106.00,69.00,25.00,53.00,34.50,12.50
2025-12-06 07:34:47,106.00,69.00,25.00,53.00,34.50,12.50
2025-12-06 07:35:36,106.00,69.00,25.00,53.00,34.50,12.50
2025-12-06 07:36:27,105.00,70.00,25.00,52.50,35.00,12.50
2025-12-06 07:37:15,105.00,70.00,25.00,52.50,35.00,12.50
2025-12-06 07:38:03,106.00,69.00,25.00,53.00,34.50,12.50
2025-12-06 07:38:54,106.00,69.00,25.00,53.00,34.50,12.50
2025-12-06 07:39:45,106.00,69.00,25.00,53.00,34.50,12.50
2025-12-06 07:40:34,105.00,70.00,25.00,52.50,35.00,12.50
2025-12-06 07:41:29,105.00,70.00,25.00,52.50,35.00,12.50
2025-12-06 07:42:18,104.00,71.00,25.00,52.00,35.50,12.50
2025-12-06 07:43:08,103.00,73.00,24.00,51.50,36.50,12.00
2025-12-06 07:43:57,103.00,74.00,23.00,51.50,37.00,11.50
2025-12-06 07:44:48,103.00,74.00,23.00,51.50,37.00,11.50
2025-12-06 07:45:37,103.00,73.00,24.00,51.50,36.50,12.00
2025-12-06 07:46:26,103.00,73.00,24.00,51.50,36.50,12.00
2025-12-06 07:47:16,102.00,74.00,24.00,51.00,37.00,12.00
2025-12-06 07:48:06,102.00,74.00,24.00,51.00,37.00,12.00
2025-12-06 07:48:56,102.00,74.00,24.00,51.00,37.00,12.00
2025-12-06 07:49:45,101.00,75.00,24.00,50.50,37.50,12.00
2025-12-06 07:50:35,102.00,74.00,24.00,51.00,37.00,12.00
2025-12-06 07:51:23,100.00,76.00,24.00,50.00,38.00,12.00
2025-12-06 07:52:15,101.00,75.00,24.00,50.50,37.50,12.00
2025-12-06 07:53:04,101.00,76.00,23.00,50.50,38.00,11.50
2025-12-06 07:53:56,100.00,77.00,23.00,50.00,38.50,11.50
2025-12-06 07:54:46,101.00,75.00,24.00,50.50,37.50,12.00
2025-12-06 07:55:38,99.00,77.00,24.00,49.50,38.50,12.00
2025-12-06 07:56:27,99.00,77.00,24.00,49.50,38.50,12.00
2025-12-06 07:57:19,99.00,77.00,24.00,49.50,38.50,12.00
2025-12-06 07:58:09,100.00,76.00,24.00,50.00,38.00,12.00
2025-12-06 07:58:59,100.00,76.00,24.00,50.00,38.00,12.00
2025-12-06 07:59:47,99.00,77.00,24.00,49.50,38.50,12.00
2025-12-06 08:00:36,99.00,79.00,22.00,49.50,39.50,11.00
2025-12-06 08:01:26,100.00,78.00,22.00,50.00,39.00,11.00
2025-12-06 08:02:19,100.00,78.00,22.00,50.00,39.00,11.00
2025-12-06 08:03:12,101.00,78.00,21.00,50.50,39.00,10.50
2025-12-06 08:04:02,101.00,78.00,21.00,50.50,39.00,10.50
2025-12-06 08:04:52,102.00,77.00,21.00,51.00,38.50,10.50
2025-12-06 08:05:41,104.00,75.00,21.00,52.00,37.50,10.50
2025-12-06 08:06:30,104.00,75.00,21.00,52.00,37.50,10.50
2025-12-06 08:07:19,102.00,77.00,21.00,51.00,38.50,10.50
2025-12-06 08:08:08,102.00,77.00,21.00,51.00,38.50,10.50
2025-12-06 08:08:57,102.00,76.00,22.00,51.00,38.00,11.00
2025-12-06 08:09:47,102.00,77.00,21.00,51.00,38.50,10.50
2025-12-06 08:10:35,102.00,76.00,22.00,51.00,38.00,11.00
2025-12-06 08:11:25,104.00,75.00,21.00,52.00,37.50,10.50
2025-12-06 08:12:13,105.00,75.00,20.00,52.50,37.50,10.00
2025-12-06 08:13:02,104.00,76.00,20.00,52.00,38.00,10.00
2025-12-06 08:13:51,105.00,76.00,19.00,52.50,38.00,9.50
2025-12-06 08:14:41,104.00,77.00,19.00,52.00,38.50,9.50
2025-12-06 08:15:29,104.00,78.00,18.00,52.00,39.00,9.00
2025-12-06 08:16:18,104.00,78.00,18.00,52.00,39.00,9.00
2025-12-06 08:17:06,104.00,78.00,18.00,52.00,39.00,9.00
2025-12-06 08:17:55,104.00,78.00,18.00,52.00,39.00,9.00
2025-12-06 08:18:45,103.00,79.00,18.00,51.50,39.50,9.00
2025-12-06 08:19:34,104.00,78.00,18.00,52.00,39.00,9.00
2025-12-06 08:20:23,104.00,78.00,18.00,52.00,39.00,9.00
2025-12-06 08:21:12,103.00,77.00,20.00,51.50,38.50,10.00
2025-12-06 08:22:00,103.00,77.00,20.00,51.50,38.50,10.00
2025-12-06 08:22:49,102.00,77.00,21.00,51.00,38.50,10.50
2025-12-06 08:23:38,102.00,77.00,21.00,51.00,38.50,10.50
2025-12-06 08:24:28,101.00,78.00,21.00,50.50,39.00,10.50
2025-12-06 08:25:17,101.00,78.00,21.00,50.50,39.00,10.50
2025-12-06 08:26:06,101.00,77.00,22.00,50.50,38.50,11.00
2025-12-06 08:26:57,101.00,77.00,22.00,50.50,38.50,11.00
2025-12-06 08:27:47,101.00,77.00,22.00,50.50,38.50,11.00
2025-12-06 08:28:36,101.00,77.00,22.00,50.50,38.50,11.00
2025-12-06 08:29:24,100.00,78.00,22.00,50.00,39.00,11.00
2025-12-06 08:30:14,101.00,77.00,22.00,50.50,38.50,11.00
2025-12-06 08:31:07,101.00,78.00,21.00,50.50,39.00,10.50
2025-12-06 08:31:56,102.00,77.00,21.00,51.00,38.50,10.50
2025-12-06 08:32:47,102.00,77.00,21.00,51.00,38.50,10.50
2025-12-06 08:33:36,102.00,77.00,21.00,51.00,38.50,10.50
2025-12-06 08:34:26,102.00,77.00,21.00,51.00,38.50,10.50
2025-12-06 08:35:15,100.00,79.00,21.00,50.00,39.50,10.50
2025-12-06 08:36:06,100.00,79.00,21.00,50.00,39.50,10.50
2025-12-06 08:36:54,101.00,80.00,19.00,50.50,40.00,9.50
2025-12-06 08:37:44,102.00,79.00,19.00,51.00,39.50,9.50
2025-12-06 08:38:34,102.00,80.00,18.00,51.00,40.00,9.00
2025-12-06 08:39:23,102.00,79.00,19.00,51.00,39.50,9.50
2025-12-06 08:40:13,102.00,79.00,19.00,51.00,39.50,9.50
2025-12-06 08:41:02,102.00,79.00,19.00,51.00,39.50,9.50
2025-12-06 08:41:54,102.00,79.00,19.00,51.00,39.50,9.50
2025-12-06 08:42:43,102.00,80.00,18.00,51.00,40.00,9.00
2025-12-06 08:43:32,102.00,80.00,18.00,51.00,40.00,9.00
2025-12-06 08:44:23,101.00,80.00,19.00,50.50,40.00,9.50
2025-12-06 08:45:11,102.00,79.00,19.00,51.00,39.50,9.50
2025-12-06 08:46:01,101.00,80.00,19.00,50.50,40.00,9.50
2025-12-06 08:46:51,102.00,79.00,19.00,51.00,39.50,9.50
2025-12-06 08:47:41,101.00,80.00,19.00,50.50,40.00,9.50
2025-12-06 08:48:30,102.00,79.00,19.00,51.00,39.50,9.50
2025-12-06 08:49:20,103.00,78.00,19.00,51.50,39.00,9.50
2025-12-06 08:50:09,103.00,78.00,19.00,51.50,39.00,9.50
2025-12-06 08:50:59,103.00,78.00,19.00,51.50,39.00,9.50
2025-12-06 08:51:49,104.00,77.00,19.00,52.00,38.50,9.50
2025-12-06 08:52:38,102.00,79.00,19.00,51.00,39.50,9.50
2025-12-06 08:53:29,101.00,80.00,19.00,50.50,40.00,9.50
2025-12-06 08:54:17,101.00,80.00,19.00,50.50,40.00,9.50
2025-12-06 08:55:06,102.00,80.00,18.00,51.00,40.00,9.00
2025-12-06 08:55:57,102.00,80.00,18.00,51.00,40.00,9.00
2025-12-06 08:56:56,102.00,79.00,19.00,51.00,39.50,9.50
2025-12-06 08:57:54,102.00,79.00,19.00,51.00,39.50,9.50
2025-12-06 08:58:51,100.00,81.00,19.00,50.00,40.50,9.50
2025-12-06 08:59:47,101.00,80.00,19.00,50.50,40.00,9.50
2025-12-06 09:00:38,101.00,80.00,19.00,50.50,40.00,9.50
2025-12-06 09:01:28,101.00,79.00,20.00,50.50,39.50,10.00
2025-12-06 09:02:18,100.00,79.00,21.00,50.00,39.50,10.50
2025-12-06 09:03:14,100.00,79.00,21.00,50.00,39.50,10.50
2025-12-06 09:04:03,101.00,78.00,21.00,50.50,39.00,10.50
2025-12-06 09:04:54,102.00,77.00,21.00,51.00,38.50,10.50
2025-12-06 09:05:45,103.00,77.00,20.00,51.50,38.50,10.00
2025-12-06 09:06:34,102.00,77.00,21.00,51.00,38.50,10.50
2025-12-06 09:07:30,102.00,77.00,21.00,51.00,38.50,10.50
2025-12-06 09:08:19,103.00,76.00,21.00,51.50,38.00,10.50
2025-12-06 09:09:16,102.00,77.00,21.00,51.00,38.50,10.50
2025-12-06 09:10:07,103.00,76.00,21.00,51.50,38.00,10.50
2025-12-06 09:10:56,102.00,77.00,21.00,51.00,38.50,10.50
2025-12-06 09:11:46,102.00,77.00,21.00,51.00,38.50,10.50
2025-12-06 09:12:37,103.00,76.00,21.00,51.50,38.00,10.50
2025-12-06 09:13:28,103.00,76.00,21.00,51.50,38.00,10.50
2025-12-06 09:14:18,104.00,75.00,21.00,52.00,37.50,10.50
2025-12-06 09:15:08,105.00,73.00,22.00,52.50,36.50,11.00
2025-12-06 09:15:58,105.00,74.00,21.00,52.50,37.00,10.50
2025-12-06 09:16:49,106.00,73.00,21.00,53.00,36.50,10.50
2025-12-06 09:17:40,105.00,73.00,22.00,52.50,36.50,11.00
2025-12-06 09:18:30,104.00,73.00,23.00,52.00,36.50,11.50
2025-12-06 09:19:21,104.00,73.00,23.00,52.00,36.50,11.50
2025-12-06 09:20:11,104.00,73.00,23.00,52.00,36.50,11.50
2025-12-06 09:20:59,104.00,73.00,23.00,52.00,36.50,11.50
2025-12-06 09:21:49,106.00,71.00,23.00,53.00,35.50,11.50
2025-12-06 09:22:37,106.00,71.00,23.00,53.00,35.50,11.50
2025-12-06 09:23:27,104.00,73.00,23.00,52.00,36.50,11.50
2025-12-06 09:24:16,105.00,72.00,23.00,52.50,36.00,11.50
2025-12-06 09:25:07,105.00,72.00,23.00,52.50,36.00,11.50
2025-12-06 09:25:57,106.00,72.00,22.00,53.00,36.00,11.00
2025-12-06 09:26:50,107.00,70.00,23.00,53.50,35.00,11.50
2025-12-06 09:27:40,105.00,72.00,23.00,52.50,36.00,11.50
2025-12-06 09:28:29,104.00,73.00,23.00,52.00,36.50,11.50
2025-12-06 09:29:20,103.00,74.00,23.00,51.50,37.00,11.50
2025-12-06 09:30:11,104.00,73.00,23.00,52.00,36.50,11.50
2025-12-06 09:31:00,105.00,72.00,23.00,52.50,36.00,11.50
2025-12-06 09:31:52,105.00,73.00,22.00,52.50,36.50,11.00
2025-12-06 09:32:42,105.00,74.00,21.00,52.50,37.00,10.50
2025-12-06 09:33:31,104.00,74.00,22.00,52.00,37.00,11.00
2025-12-06 09:34:22,104.00,74.00,22.00,52.00,37.00,11.00
2025-12-06 09:35:12,104.00,73.00,23.00,52.00,36.50,11.50
2025-12-06 09:36:02,102.00,75.00,23.00,51.00,37.50,11.50
2025-12-06 09:36:52,103.00,74.00,23.00,51.50,37.00,11.50
2025-12-06 09:37:42,103.00,74.00,23.00,51.50,37.00,11.50
2025-12-06 09:38:34,104.00,73.00,23.00,52.00,36.50,11.50
2025-12-06 09:39:23,106.00,71.00,23.00,53.00,35.50,11.50
2025-12-06 09:40:13,106.00,72.00,22.00,53.00,36.00,11.00
2025-12-06 09:41:03,108.00,70.00,22.00,54.00,35.00,11.00
2025-12-06 09:41:54,107.00,71.00,22.00,53.50,35.50,11.00
2025-12-06 09:42:43,106.00,71.00,23.00,53.00,35.50,11.50
2025-12-06 09:43:32,107.00,72.00,21.00,53.50,36.00,10.50
2025-12-06 09:44:21,107.00,72.00,21.00,53.50,36.00,10.50
2025-12-06 09:45:16,107.00,72.00,21.00,53.50,36.00,10.50
2025-12-06 09:46:04,107.00,72.00,21.00,53.50,36.00,10.50
2025-12-06 09:46:53,106.00,73.00,21.00,53.00,36.50,10.50
2025-12-06 09:47:42,106.00,73.00,21.00,53.00,36.50,10.50
2025-12-06 09:48:32,106.00,73.00,21.00,53.00,36.50,10.50
2025-12-06 09:49:21,106.00,73.00,21.00,53.00,36.50,10.50
2025-12-06 09:50:11,104.00,74.00,22.00,52.00,37.00,11.00
2025-12-06 09:51:02,103.00,75.00,22.00,51.50,37.50,11.00
2025-12-06 09:51:54,103.00,76.00,21.00,51.50,38.00,10.50
2025-12-06 09:52:48,102.00,77.00,21.00,51.00,38.50,10.50
2025-12-06 09:53:39,102.00,77.00,21.00,51.00,38.50,10.50
2025-12-06 09:54:31,102.00,76.00,22.00,51.00,38.00,11.00
2025-12-06 09:55:21,101.00,77.00,22.00,50.50,38.50,11.00
2025-12-06 09:56:11,101.00,77.00,22.00,50.50,38.50,11.00
2025-12-06 09:57:08,101.00,76.00,23.00,50.50,38.00,11.50
2025-12-06 09:58:00,101.00,76.00,23.00,50.50,38.00,11.50
2025-12-06 09:58:50,102.00,75.00,23.00,51.00,37.50,11.50
2025-12-06 09:59:39,102.00,75.00,23.00,51.00,37.50,11.50
2025-12-06 10:00:29,102.00,75.00,23.00,51.00,37.50,11.50
2025-12-06 10:01:18,103.00,75.00,22.00,51.50,37.50,11.00
2025-12-06 10:02:10,103.00,75.00,22.00,51.50,37.50,11.00
2025-12-06 10:03:01,104.00,75.00,21.00,52.00,37.50,10.50
2025-12-06 10:03:52,104.00,75.00,21.00,52.00,37.50,10.50
2025-12-06 10:04:41,106.00,74.00,20.00,53.00,37.00,10.00
2025-12-06 10:05:33,106.00,74.00,20.00,53.00,37.00,10.00
2025-12-06 10:06:23,106.00,74.00,20.00,53.00,37.00,10.00
2025-12-06 10:07:16,106.00,74.00,20.00,53.00,37.00,10.00
2025-12-06 10:08:09,106.00,73.00,21.00,53.00,36.50,10.50
2025-12-06 10:09:02,106.00,73.00,21.00,53.00,36.50,10.50
2025-12-06 10:09:52,106.00,73.00,21.00,53.00,36.50,10.50
2025-12-06 10:10:42,106.00,73.00,21.00,53.00,36.50,10.50
2025-12-06 10:11:31,105.00,74.00,21.00,52.50,37.00,10.50
2025-12-06 10:12:22,105.00,74.00,21.00,52.50,37.00,10.50
2025-12-06 10:13:14,104.00,74.00,22.00,52.00,37.00,11.00
2025-12-06 10:14:08,104.00,74.00,22.00,52.00,37.00,11.00
2025-12-06 10:15:04,105.00,73.00,22.00,52.50,36.50,11.00
2025-12-06 10:15:56,104.00,74.00,22.00,52.00,37.00,11.00
2025-12-06 10:16:46,104.00,73.00,23.00,52.00,36.50,11.50
2025-12-06 10:17:38,104.00,73.00,23.00,52.00,36.50,11.50
2025-12-06 10:18:30,104.00,73.00,23.00,52.00,36.50,11.50
2025-12-06 10:19:21,103.00,74.00,23.00,51.50,37.00,11.50
2025-12-06 10:20:10,103.00,74.00,23.00,51.50,37.00,11.50
2025-12-06 10:21:03,103.00,73.00,24.00,51.50,36.50,12.00
2025-12-06 10:21:52,102.00,74.00,24.00,51.00,37.00,12.00
2025-12-06 10:22:42,101.00,75.00,24.00,50.50,37.50,12.00
2025-12-06 10:23:40,102.00,75.00,23.00,51.00,37.50,11.50
2025-12-06 10:24:29,102.00,76.00,22.00,51.00,38.00,11.00
2025-12-06 10:25:19,102.00,76.00,22.00,51.00,38.00,11.00
2025-12-06 10:26:14,102.00,76.00,22.00,51.00,38.00,11.00
2025-12-06 10:27:06,102.00,76.00,22.00,51.00,38.00,11.00
2025-12-06 10:27:56,101.00,77.00,22.00,50.50,38.50,11.00
2025-12-06 10:28:52,102.00,77.00,21.00,51.00,38.50,10.50
2025-12-06 10:29:43,103.00,76.00,21.00,51.50,38.00,10.50
2025-12-06 10:30:35,102.00,77.00,21.00,51.00,38.50,10.50
2025-12-06 10:31:25,103.00,76.00,21.00,51.50,38.00,10.50
2025-12-06 10:32:17,102.00,77.00,21.00,51.00,38.50,10.50
2025-12-06 10:33:07,103.00,76.00,21.00,51.50,38.00,10.50
2025-12-06 10:33:58,103.00,76.00,21.00,51.50,38.00,10.50
2025-12-06 10:34:49,102.00,77.00,21.00,51.00,38.50,10.50
2025-12-06 10:35:39,101.00,78.00,21.00,50.50,39.00,10.50
2025-12-06 10:36:29,100.00,79.00,21.00,50.00,39.50,10.50
2025-12-06 10:37:19,100.00,79.00,21.00,50.00,39.50,10.50
2025-12-06 10:38:10,100.00,79.00,21.00,50.00,39.50,10.50
2025-12-06 10:39:00,101.00,78.00,21.00,50.50,39.00,10.50
2025-12-06 10:39:51,101.00,80.00,19.00,50.50,40.00,9.50
2025-12-06 10:40:41,101.00,80.00,19.00,50.50,40.00,9.50
2025-12-06 10:41:32,101.00,80.00,19.00,50.50,40.00,9.50
2025-12-06 10:42:21,100.00,80.00,20.00,50.00,40.00,10.00
2025-12-06 10:43:09,100.00,79.00,21.00,50.00,39.50,10.50
2025-12-06 10:44:00,99.00,80.00,21.00,49.50,40.00,10.50
2025-12-06 10:44:51,98.00,81.00,21.00,49.00,40.50,10.50
2025-12-06 10:45:44,98.00,81.00,21.00,49.00,40.50,10.50
2025-12-06 10:46:35,98.00,80.00,22.00,49.00,40.00,11.00
2025-12-06 10:47:26,98.00,80.00,22.00,49.00,40.00,11.00
2025-12-06 10:48:15,96.00,82.00,22.00,48.00,41.00,11.00
2025-12-06 10:49:06,96.00,83.00,21.00,48.00,41.50,10.50
2025-12-06 10:49:57,95.00,84.00,21.00,47.50,42.00,10.50
2025-12-06 10:50:53,95.00,84.00,21.00,47.50,42.00,10.50
2025-12-06 10:51:44,97.00,82.00,21.00,48.50,41.00,10.50
2025-12-06 10:52:33,96.00,83.00,21.00,48.00,41.50,10.50
2025-12-06 10:53:23,95.00,84.00,21.00,47.50,42.00,10.50
2025-12-06 10:54:13,96.00,83.00,21.00,48.00,41.50,10.50
2025-12-06 10:55:04,96.00,83.00,21.00,48.00,41.50,10.50
2025-12-06 10:55:53,98.00,83.00,19.00,49.00,41.50,9.50
2025-12-06 10:56:43,98.00,83.00,19.00,49.00,41.50,9.50
2025-12-06 10:57:35,97.00,84.00,19.00,48.50,42.00,9.50
2025-12-06 10:58:26,98.00,83.00,19.00,49.00,41.50,9.50
2025-12-06 10:59:19,97.00,84.00,19.00,48.50,42.00,9.50
2025-12-06 11:00:10,96.00,84.00,20.00,48.00,42.00,10.00
2025-12-06 11:01:01,95.00,85.00,20.00,47.50,42.50,10.00
2025-12-06 11:01:50,94.00,85.00,21.00,47.00,42.50,10.50
2025-12-06 11:02:40,95.00,84.00,21.00,47.50,42.00,10.50
2025-12-06 11:03:29,94.00,84.00,22.00,47.00,42.00,11.00
2025-12-06 11:04:20,95.00,83.00,22.00,47.50,41.50,11.00
2025-12-06 11:05:11,95.00,84.00,21.00,47.50,42.00,10.50
2025-12-06 11:06:02,94.00,86.00,20.00,47.00,43.00,10.00
2025-12-06 11:06:57,95.00,85.00,20.00,47.50,42.50,10.00
2025-12-06 11:07:47,95.00,85.00,20.00,47.50,42.50,10.00
2025-12-06 11:08:38,95.00,85.00,20.00,47.50,42.50,10.00
2025-12-06 11:09:28,94.00,86.00,20.00,47.00,43.00,10.00
2025-12-06 11:10:22,94.00,85.00,21.00,47.00,42.50,10.50
2025-12-06 11:11:13,93.00,86.00,21.00,46.50,43.00,10.50
2025-12-06 11:12:04,93.00,86.00,21.00,46.50,43.00,10.50
2025-12-06 11:12:53,95.00,84.00,21.00,47.50,42.00,10.50
2025-12-06 11:13:43,95.00,84.00,21.00,47.50,42.00,10.50
2025-12-06 11:14:33,95.00,84.00,21.00,47.50,42.00,10.50
2025-12-06 11:15:21,95.00,83.00,22.00,47.50,41.50,11.00
2025-12-06 11:16:11,94.00,84.00,22.00,47.00,42.00,11.00
2025-12-06 11:17:02,94.00,85.00,21.00,47.00,42.50,10.50
2025-12-06 11:17:52,93.00,86.00,21.00,46.50,43.00,10.50
2025-12-06 11:18:44,93.00,86.00,21.00,46.50,43.00,10.50
2025-12-06 11:19:35,93.00,85.00,22.00,46.50,42.50,11.00
2025-12-06 11:20:24,92.00,85.00,23.00,46.00,42.50,11.50
2025-12-06 11:21:14,94.00,84.00,22.00,47.00,42.00,11.00
2025-12-06 11:22:05,94.00,84.00,22.00,47.00,42.00,11.00
2025-12-06 11:22:54,94.00,84.00,22.00,47.00,42.00,11.00
2025-12-06 11:23:46,95.00,83.00,22.00,47.50,41.50,11.00
2025-12-06 11:24:37,95.00,83.00,22.00,47.50,41.50,11.00
2025-12-06 11:25:27,94.00,83.00,23.00,47.00,41.50,11.50
2025-12-06 11:26:17,95.00,82.00,23.00,47.50,41.00,11.50
2025-12-06 11:27:11,95.00,81.00,24.00,47.50,40.50,12.00
2025-12-06 11:28:01,94.00,82.00,24.00,47.00,41.00,12.00
2025-12-06 11:28:51,94.00,82.00,24.00,47.00,41.00,12.00
2025-12-06 11:29:42,94.00,82.00,24.00,47.00,41.00,12.00
2025-12-06 11:30:33,94.00,83.00,23.00,47.00,41.50,11.50
2025-12-06 11:31:23,96.00,82.00,22.00,48.00,41.00,11.00
2025-12-06 11:32:18,96.00,83.00,21.00,48.00,41.50,10.50
2025-12-06 11:33:12,95.00,83.00,22.00,47.50,41.50,11.00
2025-12-06 11:34:02,94.00,84.00,22.00,47.00,42.00,11.00
2025-12-06 11:34:51,94.00,84.00,22.00,47.00,42.00,11.00
2025-12-06 11:35:41,93.00,85.00,22.00,46.50,42.50,11.00
2025-12-06 11:36:32,93.00,83.00,24.00,46.50,41.50,12.00
2025-12-06 11:37:23,93.00,84.00,23.00,46.50,42.00,11.50
2025-12-06 11:38:15,93.00,84.00,23.00,46.50,42.00,11.50
2025-12-06 11:39:06,92.00,85.00,23.00,46.00,42.50,11.50
2025-12-06 11:39:58,92.00,86.00,22.00,46.00,43.00,11.00
2025-12-06 11:40:50,92.00,86.00,22.00,46.00,43.00,11.00
2025-12-06 11:41:41,92.00,87.00,21.00,46.00,43.50,10.50
2025-12-06 11:42:30,93.00,87.00,20.00,46.50,43.50,10.00
2025-12-06 11:43:20,96.00,85.00,19.00,48.00,42.50,9.50
2025-12-06 11:44:11,95.00,86.00,19.00,47.50,43.00,9.50
2025-12-06 11:45:01,96.00,85.00,19.00,48.00,42.50,9.50
2025-12-06 11:45:51,96.00,84.00,20.00,48.00,42.00,10.00
2025-12-06 11:46:41,96.00,84.00,20.00,48.00,42.00,10.00
2025-12-06 11:47:31,96.00,83.00,21.00,48.00,41.50,10.50
2025-12-06 11:48:27,98.00,81.00,21.00,49.00,40.50,10.50
2025-12-06 11:49:16,98.00,81.00,21.00,49.00,40.50,10.50
2025-12-06 11:50:07,97.00,82.00,21.00,48.50,41.00,10.50
2025-12-06 11:50:59,98.00,81.00,21.00,49.00,40.50,10.50
2025-12-06 11:51:50,99.00,80.00,21.00,49.50,40.00,10.50
2025-12-06 11:52:41,99.00,80.00,21.00,49.50,40.00,10.50
2025-12-06 11:53:31,100.00,78.00,22.00,50.00,39.00,11.00
2025-12-06 11:54:22,99.00,78.00,23.00,49.50,39.00,11.50
2025-12-06 11:55:12,99.00,78.00,23.00,49.50,39.00,11.50
2025-12-06 11:56:03,98.00,79.00,23.00,49.00,39.50,11.50
2025-12-06 11:56:54,97.00,80.00,23.00,48.50,40.00,11.50
2025-12-06 11:57:46,100.00,78.00,22.00,50.00,39.00,11.00
2025-12-06 11:58:35,101.00,78.00,21.00,50.50,39.00,10.50
2025-12-06 11:59:27,103.00,76.00,21.00,51.50,38.00,10.50
2025-12-06 12:00:18,102.00,77.00,21.00,51.00,38.50,10.50
2025-12-06 12:01:10,102.00,76.00,22.00,51.00,38.00,11.00
2025-12-06 12:02:02,103.00,75.00,22.00,51.50,37.50,11.00
2025-12-06 12:02:54,101.00,77.00,22.00,50.50,38.50,11.00
2025-12-06 12:03:43,101.00,78.00,21.00,50.50,39.00,10.50
2025-12-06 12:04:34,101.00,79.00,20.00,50.50,39.50,10.00
2025-12-06 12:05:31,101.00,79.00,20.00,50.50,39.50,10.00
2025-12-06 12:06:22,101.00,79.00,20.00,50.50,39.50,10.00
2025-12-06 12:07:12,101.00,79.00,20.00,50.50,39.50,10.00
2025-12-06 12:08:04,101.00,78.00,21.00,50.50,39.00,10.50
2025-12-06 12:08:55,100.00,80.00,20.00,50.00,40.00,10.00
2025-12-06 12:09:47,101.00,79.00,20.00,50.50,39.50,10.00
2025-12-06 12:10:36,101.00,79.00,20.00,50.50,39.50,10.00
2025-12-06 12:11:26,100.00,79.00,21.00,50.00,39.50,10.50
2025-12-06 12:12:16,101.00,78.00,21.00,50.50,39.00,10.50
2025-12-06 12:13:06,100.00,79.00,21.00,50.00,39.50,10.50
2025-12-06 12:13:56,100.00,79.00,21.00,50.00,39.50,10.50
2025-12-06 12:14:46,100.00,79.00,21.00,50.00,39.50,10.50
2025-12-06 12:15:36,101.00,78.00,21.00,50.50,39.00,10.50
2025-12-06 12:16:25,100.00,78.00,22.00,50.00,39.00,11.00
2025-12-06 12:17:15,99.00,79.00,22.00,49.50,39.50,11.00
2025-12-06 12:18:06,99.00,78.00,23.00,49.50,39.00,11.50
2025-12-06 12:18:58,100.00,77.00,23.00,50.00,38.50,11.50
2025-12-06 12:19:49,98.00,79.00,23.00,49.00,39.50,11.50
2025-12-06 12:20:41,98.00,79.00,23.00,49.00,39.50,11.50
2025-12-06 12:21:31,98.00,78.00,24.00,49.00,39.00,12.00
2025-12-06 12:22:22,98.00,78.00,24.00,49.00,39.00,12.00
2025-12-06 12:23:14,98.00,78.00,24.00,49.00,39.00,12.00
2025-12-06 12:24:06,99.00,77.00,24.00,49.50,38.50,12.00
2025-12-06 12:24:57,99.00,76.00,25.00,49.50,38.00,12.50
2025-12-06 12:25:48,99.00,77.00,24.00,49.50,38.50,12.00
2025-12-06 12:26:45,98.00,78.00,24.00,49.00,39.00,12.00
2025-12-06 12:27:36,97.00,79.00,24.00,48.50,39.50,12.00
2025-12-06 12:28:26,96.00,80.00,24.00,48.00,40.00,12.00
2025-12-06 12:29:18,95.00,81.00,24.00,47.50,40.50,12.00
2025-12-06 12:30:09,95.00,81.00,24.00,47.50,40.50,12.00
2025-12-06 12:31:03,95.00,81.00,24.00,47.50,40.50,12.00
2025-12-06 12:31:54,94.00,82.00,24.00,47.00,41.00,12.00
2025-12-06 12:32:48,93.00,82.00,25.00,46.50,41.00,12.50
2025-12-06 12:33:40,94.00,82.00,24.00,47.00,41.00,12.00
2025-12-06 12:34:31,95.00,82.00,23.00,47.50,41.00,11.50
2025-12-06 12:35:21,97.00,80.00,23.00,48.50,40.00,11.50
2025-12-06 12:36:13,98.00,80.00,22.00,49.00,40.00,11.00
2025-12-06 12:37:12,98.00,80.00,22.00,49.00,40.00,11.00
2025-12-06 12:38:05,99.00,80.00,21.00,49.50,40.00,10.50
2025-12-06 12:38:57,99.00,80.00,21.00,49.50,40.00,10.50
2025-12-06 12:39:46,100.00,79.00,21.00,50.00,39.50,10.50
2025-12-06 12:40:36,99.00,80.00,21.00,49.50,40.00,10.50
2025-12-06 12:41:27,100.00,81.00,19.00,50.00,40.50,9.50
2025-12-06 12:42:16,100.00,81.00,19.00,50.00,40.50,9.50
2025-12-06 12:43:07,100.00,81.00,19.00,50.00,40.50,9.50
2025-12-06 12:43:57,99.00,82.00,19.00,49.50,41.00,9.50
2025-12-06 12:44:46,98.00,82.00,20.00,49.00,41.00,10.00
2025-12-06 12:45:38,97.00,83.00,20.00,48.50,41.50,10.00
2025-12-06 12:46:28,98.00,83.00,19.00,49.00,41.50,9.50
2025-12-06 12:47:17,98.00,84.00,18.00,49.00,42.00,9.00
2025-12-06 12:48:08,98.00,84.00,18.00,49.00,42.00,9.00
2025-12-06 12:49:00,99.00,83.00,18.00,49.50,41.50,9.00
2025-12-06 12:49:49,98.00,84.00,18.00,49.00,42.00,9.00
2025-12-06 12:50:40,98.00,84.00,18.00,49.00,42.00,9.00
2025-12-06 12:51:29,97.00,84.00,19.00,48.50,42.00,9.50
2025-12-06 12:52:18,95.00,86.00,19.00,47.50,43.00,9.50
2025-12-06 12:53:10,95.00,86.00,19.00,47.50,43.00,9.50
2025-12-06 12:54:02,95.00,87.00,18.00,47.50,43.50,9.00
2025-12-06 12:54:51,95.00,87.00,18.00,47.50,43.50,9.00
2025-12-06 12:55:40,96.00,86.00,18.00,48.00,43.00,9.00
2025-12-06 12:56:30,96.00,86.00,18.00,48.00,43.00,9.00
2025-12-06 12:57:24,97.00,86.00,17.00,48.50,43.00,8.50
2025-12-06 12:58:16,97.00,86.00,17.00,48.50,43.00,8.50
2025-12-06 12:59:05,97.00,85.00,18.00,48.50,42.50,9.00
2025-12-06 12:59:55,100.00,82.00,18.00,50.00,41.00,9.00
2025-12-06 13:00:45,99.00,83.00,18.00,49.50,41.50,9.00
2025-12-06 13:01:37,99.00,82.00,19.00,49.50,41.00,9.50
2025-12-06 13:12:14,91.00,89.00,20.00,45.50,44.50,10.00
2025-12-06 13:13:04,91.00,89.00,20.00,45.50,44.50,10.00
2025-12-06 13:13:57,90.00,90.00,20.00,45.00,45.00,10.00
2025-12-06 13:14:50,89.00,91.00,20.00,44.50,45.50,10.00
2025-12-06 13:15:41,89.00,92.00,19.00,44.50,46.00,9.50
2025-12-06 13:16:33,89.00,92.00,19.00,44.50,46.00,9.50
2025-12-06 13:17:25,88.00,92.00,20.00,44.00,46.00,10.00
2025-12-06 13:18:15,88.00,93.00,19.00,44.00,46.50,9.50
2025-12-06 13:19:08,89.00,92.00,19.00,44.50,46.00,9.50
2025-12-06 13:19:58,90.00,91.00,19.00,45.00,45.50,9.50
2025-12-06 13:20:49,90.00,90.00,20.00,45.00,45.00,10.00
2025-12-06 13:21:41,89.00,91.00,20.00,44.50,45.50,10.00
2025-12-06 13:22:34,89.00,91.00,20.00,44.50,45.50,10.00
2025-12-06 13:23:25,88.00,92.00,20.00,44.00,46.00,10.00
2025-12-06 13:24:18,88.00,92.00,20.00,44.00,46.00,10.00
2025-12-06 13:25:11,90.00,91.00,19.00,45.00,45.50,9.50
2025-12-06 13:26:04,88.00,93.00,19.00,44.00,46.50,9.50
2025-12-06 13:26:57,87.00,94.00,19.00,43.50,47.00,9.50
2025-12-06 13:27:50,88.00,93.00,19.00,44.00,46.50,9.50
2025-12-06 13:28:43,89.00,92.00,19.00,44.50,46.00,9.50
2025-12-06 13:29:38,89.00,92.00,19.00,44.50,46.00,9.50
2025-12-06 13:30:30,88.00,93.00,19.00,44.00,46.50,9.50
2025-12-06 13:31:22,90.00,92.00,18.00,45.00,46.00,9.00
2025-12-06 13:32:20,92.00,90.00,18.00,46.00,45.00,9.00
2025-12-06 13:33:19,94.00,88.00,18.00,47.00,44.00,9.00
2025-12-06 13:34:11,93.00,89.00,18.00,46.50,44.50,9.00
2025-12-06 13:35:01,93.00,89.00,18.00,46.50,44.50,9.00
2025-12-06 13:35:54,93.00,88.00,19.00,46.50,44.00,9.50
2025-12-06 13:36:45,94.00,87.00,19.00,47.00,43.50,9.50
2025-12-06 13:37:38,92.00,88.00,20.00,46.00,44.00,10.00
2025-12-06 13:38:30,93.00,88.00,19.00,46.50,44.00,9.50
2025-12-06 13:39:31,94.00,88.00,18.00,47.00,44.00,9.00
2025-12-06 13:40:23,92.00,90.00,18.00,46.00,45.00,9.00
2025-12-06 13:41:16,94.00,88.00,18.00,47.00,44.00,9.00
2025-12-06 13:42:10,93.00,90.00,17.00,46.50,45.00,8.50
2025-12-06 13:43:04,92.00,91.00,17.00,46.00,45.50,8.50
2025-12-06 13:44:06,93.00,91.00,16.00,46.50,45.50,8.00
2025-12-06 13:44:57,93.00,91.00,16.00,46.50,45.50,8.00
2025-12-06 13:45:52,93.00,91.00,16.00,46.50,45.50,8.00
2025-12-06 13:46:45,93.00,91.00,16.00,46.50,45.50,8.00
2025-12-06 13:47:38,93.00,92.00,15.00,46.50,46.00,7.50
2025-12-06 13:48:29,93.00,92.00,15.00,46.50,46.00,7.50
2025-12-06 13:49:22,93.00,91.00,16.00,46.50,45.50,8.00
2025-12-06 13:50:12,92.00,91.00,17.00,46.00,45.50,8.50
2025-12-06 13:51:04,94.00,89.00,17.00,47.00,44.50,8.50
2025-12-06 13:51:55,94.00,89.00,17.00,47.00,44.50,8.50
2025-12-06 13:52:49,94.00,89.00,17.00,47.00,44.50,8.50
2025-12-06 13:53:43,96.00,88.00,16.00,48.00,44.00,8.00
2025-12-06 13:54:41,97.00,87.00,16.00,48.50,43.50,8.00
2025-12-06 13:55:33,95.00,89.00,16.00,47.50,44.50,8.00
2025-12-06 13:56:24,95.00,89.00,16.00,47.50,44.50,8.00
2025-12-06 13:57:14,93.00,91.00,16.00,46.50,45.50,8.00
2025-12-06 13:58:07,95.00,89.00,16.00,47.50,44.50,8.00
2025-12-06 13:58:57,95.00,89.00,16.00,47.50,44.50,8.00
2025-12-06 13:59:49,95.00,89.00,16.00,47.50,44.50,8.00
2025-12-06 14:00:45,96.00,88.00,16.00,48.00,44.00,8.00
2025-12-06 14:36:22,104.00,86.00,10.00,52.00,43.00,5.00
2025-12-06 14:37:12,104.00,86.00,10.00,52.00,43.00,5.00
2025-12-06 14:38:08,105.00,85.00,10.00,52.50,42.50,5.00
2025-12-06 14:39:00,104.00,86.00,10.00,52.00,43.00,5.00
2025-12-06 14:39:59,105.00,85.00,10.00,52.50,42.50,5.00
2025-12-06 14:40:56,106.00,84.00,10.00,53.00,42.00,5.00
2025-12-06 14:41:49,105.00,85.00,10.00,52.50,42.50,5.00
2025-12-06 14:42:42,104.00,86.00,10.00,52.00,43.00,5.00
2025-12-06 14:43:35,103.00,87.00,10.00,51.50,43.50,5.00
2025-12-06 14:44:33,104.00,86.00,10.00,52.00,43.00,5.00
2025-12-06 14:45:28,104.00,85.00,11.00,52.00,42.50,5.50
2025-12-06 14:46:22,102.00,87.00,11.00,51.00,43.50,5.50
2025-12-06 14:47:16,100.00,89.00,11.00,50.00,44.50,5.50
2025-12-06 14:48:09,99.00,91.00,10.00,49.50,45.50,5.00
2025-12-06 14:49:02,101.00,89.00,10.00,50.50,44.50,5.00
2025-12-06 14:49:58,104.00,87.00,9.00,52.00,43.50,4.50
2025-12-06 14:50:51,103.00,88.00,9.00,51.50,44.00,4.50
2025-12-06 14:51:42,103.00,89.00,8.00,51.50,44.50,4.00
2025-12-06 14:52:35,103.00,89.00,8.00,51.50,44.50,4.00
2025-12-06 14:53:27,104.00,88.00,8.00,52.00,44.00,4.00
2025-12-06 14:54:18,105.00,87.00,8.00,52.50,43.50,4.00
2025-12-06 14:55:09,106.00,86.00,8.00,53.00,43.00,4.00
2025-12-06 14:56:07,107.00,85.00,8.00,53.50,42.50,4.00
2025-12-06 14:57:01,106.00,86.00,8.00,53.00,43.00,4.00
2025-12-06 14:57:51,107.00,86.00,7.00,53.50,43.00,3.50
2025-12-06 14:58:50,106.00,86.00,8.00,53.00,43.00,4.00
2025-12-06 15:18:05,109.00,83.00,8.00,54.50,41.50,4.00
2025-12-06 15:18:59,109.00,83.00,8.00,54.50,41.50,4.00
2025-12-06 15:19:53,108.00,83.00,9.00,54.00,41.50,4.50
2025-12-06 15:20:45,109.00,82.00,9.00,54.50,41.00,4.50
2025-12-06 15:21:42,108.00,82.00,10.00,54.00,41.00,5.00
2025-12-06 15:22:32,107.00,83.00,10.00,53.50,41.50,5.00
2025-12-06 15:23:26,106.00,84.00,10.00,53.00,42.00,5.00
2025-12-06 15:24:17,108.00,82.00,10.00,54.00,41.00,5.00
2025-12-06 15:25:15,109.00,81.00,10.00,54.50,40.50,5.00
2025-12-06 15:26:04,110.00,80.00,10.00,55.00,40.00,5.00
2025-12-06 15:26:53,110.00,80.00,10.00,55.00,40.00,5.00
2025-12-06 15:27:43,109.00,80.00,11.00,54.50,40.00,5.50
2025-12-06 15:28:34,107.00,82.00,11.00,53.50,41.00,5.50
2025-12-06 15:29:25,107.00,82.00,11.00,53.50,41.00,5.50
2025-12-06 15:30:15,107.00,81.00,12.00,53.50,40.50,6.00
2025-12-06 15:31:05,107.00,81.00,12.00,53.50,40.50,6.00
2025-12-06 15:31:55,106.00,82.00,12.00,53.00,41.00,6.00
2025-12-06 15:32:46,106.00,81.00,13.00,53.00,40.50,6.50
2025-12-06 15:33:40,108.00,79.00,13.00,54.00,39.50,6.50
2025-12-06 15:34:37,107.00,80.00,13.00,53.50,40.00,6.50
2025-12-06 15:35:30,107.00,79.00,14.00,53.50,39.50,7.00
2025-12-06 15:36:22,107.00,79.00,14.00,53.50,39.50,7.00
2025-12-06 15:37:15,109.00,77.00,14.00,54.50,38.50,7.00
2025-12-06 15:38:08,108.00,78.00,14.00,54.00,39.00,7.00
2025-12-06 15:39:00,108.00,78.00,14.00,54.00,39.00,7.00
2025-12-06 15:39:52,107.00,78.00,15.00,53.50,39.00,7.50
2025-12-06 15:40:45,106.00,79.00,15.00,53.00,39.50,7.50
2025-12-06 15:41:35,105.00,80.00,15.00,52.50,40.00,7.50
2025-12-06 15:42:25,104.00,80.00,16.00,52.00,40.00,8.00
2025-12-06 15:43:22,106.00,79.00,15.00,53.00,39.50,7.50
2025-12-06 15:44:13,105.00,79.00,16.00,52.50,39.50,8.00
2025-12-06 15:45:05,106.00,79.00,15.00,53.00,39.50,7.50
2025-12-06 15:45:57,104.00,80.00,16.00,52.00,40.00,8.00
2025-12-06 15:46:52,104.00,80.00,16.00,52.00,40.00,8.00
2025-12-06 15:47:43,105.00,79.00,16.00,52.50,39.50,8.00
2025-12-06 15:48:32,105.00,79.00,16.00,52.50,39.50,8.00
2025-12-06 15:49:23,103.00,80.00,17.00,51.50,40.00,8.50
2025-12-06 15:50:13,103.00,80.00,17.00,51.50,40.00,8.50
2025-12-06 15:51:06,102.00,81.00,17.00,51.00,40.50,8.50
2025-12-06 15:52:03,102.00,81.00,17.00,51.00,40.50,8.50
2025-12-06 15:52:59,101.00,82.00,17.00,50.50,41.00,8.50
2025-12-06 15:53:50,100.00,82.00,18.00,50.00,41.00,9.00
2025-12-06 15:54:41,100.00,82.00,18.00,50.00,41.00,9.00
2025-12-06 15:55:44,99.00,82.00,19.00,49.50,41.00,9.50
2025-12-06 15:56:38,100.00,81.00,19.00,50.00,40.50,9.50
2025-12-06 15:57:33,99.00,82.00,19.00,49.50,41.00,9.50
2025-12-06 15:58:29,97.00,84.00,19.00,48.50,42.00,9.50
2025-12-06 16:01:23,100.00,80.00,20.00,50.00,40.00,10.00
2025-12-06 16:02:19,100.00,79.00,21.00,50.00,39.50,10.50
2025-12-06 16:03:15,103.00,77.00,20.00,51.50,38.50,10.00
2025-12-06 16:04:07,104.00,76.00,20.00,52.00,38.00,10.00
2025-12-06 16:05:07,105.00,75.00,20.00,52.50,37.50,10.00
2025-12-06 16:05:59,104.00,75.00,21.00,52.00,37.50,10.50
2025-12-06 16:06:52,103.00,76.00,21.00,51.50,38.00,10.50
2025-12-06 16:07:44,102.00,77.00,21.00,51.00,38.50,10.50
2025-12-06 16:08:38,101.00,78.00,21.00,50.50,39.00,10.50
2025-12-06 16:09:35,102.00,77.00,21.00,51.00,38.50,10.50
2025-12-06 16:10:27,101.00,78.00,21.00,50.50,39.00,10.50
2025-12-06 16:11:19,100.00,79.00,21.00,50.00,39.50,10.50
2025-12-06 16:12:12,101.00,78.00,21.00,50.50,39.00,10.50
2025-12-06 16:13:05,100.00,79.00,21.00,50.00,39.50,10.50
2025-12-06 16:13:56,101.00,78.00,21.00,50.50,39.00,10.50
2025-12-06 16:14:50,101.00,78.00,21.00,50.50,39.00,10.50
2025-12-06 16:15:42,100.00,79.00,21.00,50.00,39.50,10.50
2025-12-06 16:16:36,100.00,78.00,22.00,50.00,39.00,11.00
2025-12-06 16:17:32,101.00,78.00,21.00,50.50,39.00,10.50
2025-12-06 16:18:28,99.00,80.00,21.00,49.50,40.00,10.50
2025-12-06 16:19:23,100.00,79.00,21.00,50.00,39.50,10.50
2025-12-06 16:20:17,99.00,81.00,20.00,49.50,40.50,10.00
2025-12-06 16:32:37,101.00,77.00,22.00,50.50,38.50,11.00
2025-12-06 16:33:30,102.00,76.00,22.00,51.00,38.00,11.00
2025-12-06 16:34:22,100.00,77.00,23.00,50.00,38.50,11.50
2025-12-06 16:35:14,99.00,78.00,23.00,49.50,39.00,11.50
2025-12-06 16:36:08,100.00,77.00,23.00,50.00,38.50,11.50
2025-12-06 16:36:59,102.00,75.00,23.00,51.00,37.50,11.50
2025-12-06 16:37:49,102.00,75.00,23.00,51.00,37.50,11.50
2025-12-06 16:38:41,103.00,74.00,23.00,51.50,37.00,11.50
2025-12-06 16:39:32,103.00,74.00,23.00,51.50,37.00,11.50
2025-12-06 16:40:22,106.00,72.00,22.00,53.00,36.00,11.00
2025-12-06 16:41:13,107.00,70.00,23.00,53.50,35.00,11.50
2025-12-06 16:42:07,106.00,71.00,23.00,53.00,35.50,11.50
2025-12-06 16:42:59,106.00,71.00,23.00,53.00,35.50,11.50
2025-12-06 16:43:51,106.00,71.00,23.00,53.00,35.50,11.50
2025-12-06 16:44:43,106.00,72.00,22.00,53.00,36.00,11.00
2025-12-06 16:45:37,105.00,73.00,22.00,52.50,36.50,11.00
2025-12-06 16:46:28,107.00,71.00,22.00,53.50,35.50,11.00
2025-12-06 16:47:20,108.00,70.00,22.00,54.00,35.00,11.00
2025-12-06 16:48:13,109.00,69.00,22.00,54.50,34.50,11.00
2025-12-06 16:49:09,109.00,70.00,21.00,54.50,35.00,10.50
2025-12-06 16:50:02,107.00,72.00,21.00,53.50,36.00,10.50
2025-12-06 16:50:54,108.00,71.00,21.00,54.00,35.50,10.50
2025-12-06 16:51:52,109.00,71.00,20.00,54.50,35.50,10.00
2025-12-06 16:52:45,108.00,72.00,20.00,54.00,36.00,10.00
2025-12-06 16:53:37,108.00,72.00,20.00,54.00,36.00,10.00
2025-12-06 16:54:29,108.00,73.00,19.00,54.00,36.50,9.50
2025-12-06 16:55:25,108.00,74.00,18.00,54.00,37.00,9.00
2025-12-06 16:56:18,107.00,75.00,18.00,53.50,37.50,9.00
2025-12-06 16:57:11,108.00,75.00,17.00,54.00,37.50,8.50
2025-12-06 16:58:06,107.00,76.00,17.00,53.50,38.00,8.50
2025-12-06 16:58:58,108.00,76.00,16.00,54.00,38.00,8.00
2025-12-06 16:59:58,108.00,76.00,16.00,54.00,38.00,8.00
2025-12-06 17:00:51,109.00,75.00,16.00,54.50,37.50,8.00
2025-12-06 17:01:46,109.00,74.00,17.00,54.50,37.00,8.50
2025-12-06 17:02:39,109.00,73.00,18.00,54.50,36.50,9.00
2025-12-06 17:03:38,110.00,73.00,17.00,55.00,36.50,8.50
2025-12-06 17:04:31,110.00,72.00,18.00,55.00,36.00,9.00
2025-12-06 17:05:24,110.00,72.00,18.00,55.00,36.00,9.00
2025-12-06 17:06:20,110.00,71.00,19.00,55.00,35.50,9.50
2025-12-06 17:07:18,111.00,71.00,18.00,55.50,35.50,9.00
2025-12-06 17:08:23,112.00,70.00,18.00,56.00,35.00,9.00
2025-12-06 17:09:21,112.00,70.00,18.00,56.00,35.00,9.00
2025-12-06 17:10:17,112.00,70.00,18.00,56.00,35.00,9.00
2025-12-06 17:11:08,112.00,69.00,19.00,56.00,34.50,9.50
2025-12-06 17:12:07,114.00,68.00,18.00,57.00,34.00,9.00
2025-12-06 17:13:04,114.00,68.00,18.00,57.00,34.00,9.00
2025-12-06 17:13:58,112.00,69.00,19.00,56.00,34.50,9.50
2025-12-06 17:14:50,111.00,71.00,18.00,55.50,35.50,9.00
2025-12-06 17:15:41,111.00,71.00,18.00,55.50,35.50,9.00
2025-12-06 17:16:37,110.00,71.00,19.00,55.00,35.50,9.50
2025-12-06 17:17:28,108.00,72.00,20.00,54.00,36.00,10.00
2025-12-06 17:18:24,108.00,72.00,20.00,54.00,36.00,10.00
2025-12-06 17:19:26,107.00,72.00,21.00,53.50,36.00,10.50
2025-12-06 17:20:24,108.00,72.00,20.00,54.00,36.00,10.00
2025-12-06 17:21:19,108.00,72.00,20.00,54.00,36.00,10.00
2025-12-06 17:22:12,108.00,71.00,21.00,54.00,35.50,10.50
2025-12-06 17:23:08,108.00,70.00,22.00,54.00,35.00,11.00
2025-12-06 17:23:59,108.00,70.00,22.00,54.00,35.00,11.00
2025-12-06 17:24:52,107.00,71.00,22.00,53.50,35.50,11.00
2025-12-06 17:25:56,110.00,68.00,22.00,55.00,34.00,11.00
2025-12-06 17:26:52,109.00,69.00,22.00,54.50,34.50,11.00
2025-12-06 17:27:45,108.00,69.00,23.00,54.00,34.50,11.50
2025-12-06 17:28:37,107.00,70.00,23.00,53.50,35.00,11.50
2025-12-06 17:29:28,107.00,70.00,23.00,53.50,35.00,11.50
2025-12-06 17:30:21,108.00,68.00,24.00,54.00,34.00,12.00
2025-12-06 17:31:14,107.00,69.00,24.00,53.50,34.50,12.00
2025-12-06 17:32:07,107.00,70.00,23.00,53.50,35.00,11.50
2025-12-06 17:33:00,108.00,69.00,23.00,54.00,34.50,11.50
2025-12-06 17:33:56,107.00,70.00,23.00,53.50,35.00,11.50
2025-12-06 17:34:51,105.00,72.00,23.00,52.50,36.00,11.50
2025-12-06 17:35:41,106.00,71.00,23.00,53.00,35.50,11.50
2025-12-06 17:36:35,105.00,71.00,24.00,52.50,35.50,12.00
2025-12-06 17:37:34,105.00,71.00,24.00,52.50,35.50,12.00
2025-12-06 17:38:48,105.00,71.00,24.00,52.50,35.50,12.00
2025-12-06 17:39:51,107.00,69.00,24.00,53.50,34.50,12.00
2025-12-06 17:40:47,108.00,69.00,23.00,54.00,34.50,11.50
2025-12-06 17:41:48,107.00,71.00,22.00,53.50,35.50,11.00
2025-12-06 17:42:48,107.00,70.00,23.00,53.50,35.00,11.50
2025-12-06 17:43:45,107.00,71.00,22.00,53.50,35.50,11.00
2025-12-06 17:44:39,106.00,72.00,22.00,53.00,36.00,11.00
2025-12-06 17:45:34,108.00,71.00,21.00,54.00,35.50,10.50
2025-12-06 17:46:29,107.00,72.00,21.00,53.50,36.00,10.50
2025-12-06 17:47:23,107.00,72.00,21.00,53.50,36.00,10.50
2025-12-06 17:48:17,107.00,73.00,20.00,53.50,36.50,10.00
2025-12-06 17:49:10,108.00,72.00,20.00,54.00,36.00,10.00
2025-12-06 17:50:03,109.00,70.00,21.00,54.50,35.00,10.50
2025-12-06 17:50:59,109.00,70.00,21.00,54.50,35.00,10.50
2025-12-06 17:51:51,108.00,70.00,22.00,54.00,35.00,11.00
2025-12-06 17:52:47,106.00,72.00,22.00,53.00,36.00,11.00
2025-12-06 17:53:42,106.00,73.00,21.00,53.00,36.50,10.50
2025-12-06 17:54:37,105.00,74.00,21.00,52.50,37.00,10.50
2025-12-06 17:55:33,104.00,75.00,21.00,52.00,37.50,10.50
2025-12-06 17:56:26,104.00,75.00,21.00,52.00,37.50,10.50
2025-12-06 17:57:17,104.00,76.00,20.00,52.00,38.00,10.00
2025-12-06 17:58:18,104.00,75.00,21.00,52.00,37.50,10.50
2025-12-06 17:59:12,103.00,75.00,22.00,51.50,37.50,11.00
2025-12-06 18:00:05,101.00,77.00,22.00,50.50,38.50,11.00
2025-12-06 18:00:59,101.00,77.00,22.00,50.50,38.50,11.00
2025-12-06 18:01:51,101.00,77.00,22.00,50.50,38.50,11.00
2025-12-06 18:02:42,101.00,77.00,22.00,50.50,38.50,11.00
2025-12-06 18:03:35,101.00,77.00,22.00,50.50,38.50,11.00
2025-12-06 18:04:28,101.00,78.00,21.00,50.50,39.00,10.50
2025-12-06 18:05:23,102.00,77.00,21.00,51.00,38.50,10.50
2025-12-06 18:06:16,103.00,76.00,21.00,51.50,38.00,10.50
2025-12-06 18:07:07,103.00,76.00,21.00,51.50,38.00,10.50
2025-12-06 18:07:59,103.00,76.00,21.00,51.50,38.00,10.50
2025-12-06 18:08:50,102.00,76.00,22.00,51.00,38.00,11.00
2025-12-06 18:09:42,102.00,75.00,23.00,51.00,37.50,11.50
2025-12-06 18:10:32,102.00,75.00,23.00,51.00,37.50,11.50
2025-12-06 18:11:25,102.00,75.00,23.00,51.00,37.50,11.50
2025-12-06 18:12:16,102.00,74.00,24.00,51.00,37.00,12.00
2025-12-06 18:13:07,102.00,74.00,24.00,51.00,37.00,12.00
2025-12-06 18:14:02,104.00,72.00,24.00,52.00,36.00,12.00
2025-12-06 18:14:53,104.00,72.00,24.00,52.00,36.00,12.00
2025-12-06 18:15:44,104.00,72.00,24.00,52.00,36.00,12.00
2025-12-06 18:16:42,104.00,72.00,24.00,52.00,36.00,12.00
2025-12-06 18:17:36,104.00,71.00,25.00,52.00,35.50,12.50
2025-12-06 18:18:30,105.00,70.00,25.00,52.50,35.00,12.50
2025-12-06 18:19:43,107.00,70.00,23.00,53.50,35.00,11.50
2025-12-06 18:20:38,106.00,71.00,23.00,53.00,35.50,11.50
2025-12-06 18:21:31,106.00,72.00,22.00,53.00,36.00,11.00
2025-12-06 18:22:25,106.00,72.00,22.00,53.00,36.00,11.00
2025-12-06 18:23:18,106.00,72.00,22.00,53.00,36.00,11.00
2025-12-06 18:24:14,105.00,73.00,22.00,52.50,36.50,11.00
2025-12-06 18:25:06,105.00,74.00,21.00,52.50,37.00,10.50
2025-12-06 18:25:58,105.00,74.00,21.00,52.50,37.00,10.50
2025-12-06 18:26:57,106.00,73.00,21.00,53.00,36.50,10.50
2025-12-06 18:27:51,107.00,72.00,21.00,53.50,36.00,10.50
2025-12-06 18:28:44,106.00,74.00,20.00,53.00,37.00,10.00
2025-12-06 18:29:36,104.00,76.00,20.00,52.00,38.00,10.00
2025-12-06 18:30:29,104.00,77.00,19.00,52.00,38.50,9.50
2025-12-06 18:31:21,107.00,75.00,18.00,53.50,37.50,9.00
2025-12-06 18:32:12,107.00,76.00,17.00,53.50,38.00,8.50
2025-12-06 18:33:03,107.00,75.00,18.00,53.50,37.50,9.00
2025-12-06 18:33:54,109.00,74.00,17.00,54.50,37.00,8.50
2025-12-06 18:34:45,109.00,73.00,18.00,54.50,36.50,9.00
2025-12-06 18:35:36,110.00,72.00,18.00,55.00,36.00,9.00
2025-12-06 18:36:27,109.00,73.00,18.00,54.50,36.50,9.00
2025-12-06 18:37:21,108.00,74.00,18.00,54.00,37.00,9.00
2025-12-06 18:38:14,108.00,75.00,17.00,54.00,37.50,8.50
2025-12-06 18:39:13,108.00,75.00,17.00,54.00,37.50,8.50
2025-12-06 18:40:07,107.00,76.00,17.00,53.50,38.00,8.50
2025-12-06 18:41:00,107.00,76.00,17.00,53.50,38.00,8.50
2025-12-06 18:41:53,106.00,76.00,18.00,53.00,38.00,9.00
2025-12-06 18:42:45,107.00,76.00,17.00,53.50,38.00,8.50
2025-12-06 18:43:36,108.00,74.00,18.00,54.00,37.00,9.00
2025-12-06 18:44:29,108.00,75.00,17.00,54.00,37.50,8.50
2025-12-06 18:45:20,108.00,75.00,17.00,54.00,37.50,8.50
2025-12-06 18:46:11,109.00,74.00,17.00,54.50,37.00,8.50
2025-12-06 18:47:04,108.00,74.00,18.00,54.00,37.00,9.00
2025-12-06 18:47:54,109.00,73.00,18.00,54.50,36.50,9.00
2025-12-06 18:48:47,111.00,71.00,18.00,55.50,35.50,9.00
2025-12-06 18:49:38,112.00,71.00,17.00,56.00,35.50,8.50
2025-12-06 18:50:33,112.00,70.00,18.00,56.00,35.00,9.00
2025-12-06 18:51:27,112.00,70.00,18.00,56.00,35.00,9.00
2025-12-06 18:52:21,110.00,72.00,18.00,55.00,36.00,9.00
2025-12-06 18:53:13,112.00,70.00,18.00,56.00,35.00,9.00
2025-12-06 18:54:03,111.00,71.00,18.00,55.50,35.50,9.00
2025-12-06 18:54:59,111.00,71.00,18.00,55.50,35.50,9.00
2025-12-06 18:55:49,111.00,71.00,18.00,55.50,35.50,9.00
2025-12-06 18:56:40,111.00,70.00,19.00,55.50,35.00,9.50
2025-12-06 18:57:31,112.00,69.00,19.00,56.00,34.50,9.50
2025-12-06 18:58:21,114.00,67.00,19.00,57.00,33.50,9.50
2025-12-06 18:59:13,112.00,69.00,19.00,56.00,34.50,9.50
2025-12-06 19:00:06,113.00,68.00,19.00,56.50,34.00,9.50
2025-12-06 19:00:58,114.00,67.00,19.00,57.00,33.50,9.50
2025-12-06 19:01:50,114.00,66.00,20.00,57.00,33.00,10.00
2025-12-06 19:02:42,113.00,67.00,20.00,56.50,33.50,10.00
2025-12-06 19:03:33,113.00,68.00,19.00,56.50,34.00,9.50
2025-12-06 19:04:26,113.00,68.00,19.00,56.50,34.00,9.50
2025-12-06 19:05:17,112.00,69.00,19.00,56.00,34.50,9.50
2025-12-06 19:06:09,113.00,68.00,19.00,56.50,34.00,9.50
2025-12-06 19:07:05,113.00,68.00,19.00,56.50,34.00,9.50
2025-12-06 19:07:56,112.00,69.00,19.00,56.00,34.50,9.50
2025-12-06 19:08:46,111.00,70.00,19.00,55.50,35.00,9.50
2025-12-06 19:09:36,110.00,71.00,19.00,55.00,35.50,9.50
2025-12-06 19:10:26,111.00,70.00,19.00,55.50,35.00,9.50
2025-12-06 19:11:19,113.00,69.00,18.00,56.50,34.50,9.00
2025-12-06 19:12:11,113.00,68.00,19.00,56.50,34.00,9.50
2025-12-06 19:13:03,114.00,67.00,19.00,57.00,33.50,9.50
2025-12-06 19:13:54,114.00,67.00,19.00,57.00,33.50,9.50
2025-12-06 19:14:46,113.00,67.00,20.00,56.50,33.50,10.00
2025-12-06 19:15:36,114.00,66.00,20.00,57.00,33.00,10.00
2025-12-06 19:16:30,114.00,66.00,20.00,57.00,33.00,10.00
2025-12-06 19:17:23,113.00,67.00,20.00,56.50,33.50,10.00
2025-12-06 19:18:13,112.00,67.00,21.00,56.00,33.50,10.50
2025-12-06 19:19:04,111.00,67.00,22.00,55.50,33.50,11.00
2025-12-06 19:19:55,111.00,66.00,23.00,55.50,33.00,11.50
2025-12-06 19:20:47,111.00,66.00,23.00,55.50,33.00,11.50
2025-12-06 19:21:40,111.00,66.00,23.00,55.50,33.00,11.50
2025-12-06 19:22:32,110.00,66.00,24.00,55.00,33.00,12.00
2025-12-06 19:23:30,109.00,68.00,23.00,54.50,34.00,11.50
2025-12-06 23:15:50,107.00,72.00,21.00,53.50,36.00,10.50
2025-12-06 23:16:43,108.00,72.00,20.00,54.00,36.00,10.00
2025-12-06 23:17:36,106.00,74.00,20.00,53.00,37.00,10.00
2025-12-06 23:18:33,107.00,74.00,19.00,53.50,37.00,9.50
2025-12-06 23:19:27,107.00,73.00,20.00,53.50,36.50,10.00
2025-12-06 23:20:20,106.00,74.00,20.00,53.00,37.00,10.00
2025-12-06 23:21:12,108.00,72.00,20.00,54.00,36.00,10.00
2025-12-06 23:22:05,107.00,74.00,19.00,53.50,37.00,9.50
2025-12-06 23:23:01,107.00,74.00,19.00,53.50,37.00,9.50
2025-12-06 23:23:57,107.00,74.00,19.00,53.50,37.00,9.50
2025-12-06 23:24:49,106.00,75.00,19.00,53.00,37.50,9.50
2025-12-06 23:25:41,105.00,75.00,20.00,52.50,37.50,10.00
2025-12-06 23:26:39,104.00,77.00,19.00,52.00,38.50,9.50
2025-12-06 23:27:30,105.00,77.00,18.00,52.50,38.50,9.00
2025-12-06 23:28:29,104.00,78.00,18.00,52.00,39.00,9.00
2025-12-06 23:29:20,104.00,78.00,18.00,52.00,39.00,9.00
2025-12-06 23:30:11,103.00,79.00,18.00,51.50,39.50,9.00
2025-12-06 23:36:48,101.00,80.00,19.00,50.50,40.00,9.50
2025-12-06 23:37:47,102.00,80.00,18.00,51.00,40.00,9.00
2025-12-06 23:38:39,102.00,80.00,18.00,51.00,40.00,9.00
2025-12-06 23:39:31,101.00,82.00,17.00,50.50,41.00,8.50
2025-12-06 23:40:25,101.00,82.00,17.00,50.50,41.00,8.50
2025-12-06 23:41:17,99.00,84.00,17.00,49.50,42.00,8.50
2025-12-06 23:42:12,102.00,82.00,16.00,51.00,41.00,8.00
2025-12-06 23:43:10,102.00,82.00,16.00,51.00,41.00,8.00
2025-12-06 23:44:09,102.00,81.00,17.00,51.00,40.50,8.50
2025-12-06 23:45:05,105.00,78.00,17.00,52.50,39.00,8.50
2025-12-06 23:45:58,109.00,76.00,15.00,54.50,38.00,7.50
2025-12-06 23:46:55,107.00,78.00,15.00,53.50,39.00,7.50
2025-12-06 23:47:50,107.00,78.00,15.00,53.50,39.00,7.50
2025-12-06 23:48:44,107.00,78.00,15.00,53.50,39.00,7.50
2025-12-06 23:49:35,107.00,77.00,16.00,53.50,38.50,8.00
2025-12-06 23:50:25,107.00,78.00,15.00,53.50,39.00,7.50
2025-12-06 23:51:20,109.00,76.00,15.00,54.50,38.00,7.50
2025-12-06 23:52:16,109.00,77.00,14.00,54.50,38.50,7.00
2025-12-06 23:53:19,110.00,76.00,14.00,55.00,38.00,7.00
2025-12-06 23:54:28,109.00,77.00,14.00,54.50,38.50,7.00
2025-12-06 23:55:37,107.00,78.00,15.00,53.50,39.00,7.50
